CITY,DATE,AGE,YEAR
"Billings, OK",3/30/24,Adult,2024
"Perkins, OK",3/20/24,Adult,2024
"Eucha, OK",3/17/24,Adult,2024
"Okemah, OK",3/12/24,Adult,2024
"Bartlesville, OK",3/11/24,Adult,2024
"Muskogee, OK",3/11/24,Adult,2024
"Stillwater, OK",3/11/24,Adult,2024
"Harrah, OK",3/11/24,Adult,2024
"Bartlesville, OK",3/10/24,Adult,2024
"Sulphur, OK",3/10/24,Adult,2024
"Grove, OK",3/9/24,Adult,2024
"Yukon, OK",3/7/24,Adult,2024
"Burbank, OK",3/7/24,Adult,2024
"Owasso, OK",3/6/24,Adult,2024
"Watson, OK",3/6/24,Adult,2024
"Jones, OK",3/5/24,Adult,2024
"Oklahoma City, OK",3/5/24,Adult,2024
"Oklahoma City, OK",3/5/24,Adult,2024
"Yukon, OK",3/4/24,Adult,2024
"Norman, OK",3/4/24,Adult,2024
"Waukomis, OK",3/4/24,Adult,2024
"Norman, OK",3/4/24,Adult,2024
"Davis, OK",3/3/24,Adult,2024
"Sand Springs, OK",3/3/24,Adult,2024
"Tulsa, OK",3/3/24,Adult,2024
"Stillwater, OK",3/2/24,Adult,2024
"Gore, OK",3/2/24,Adult,2024
"Choctaw, OK",3/2/24,Adult,2024
"Tulsa, OK",3/2/24,Adult,2024
"Ponca City, OK",3/2/24,Adult,2024
"Pryor Creek, OK",3/2/24,Adult,2024
"Oklahoma City, OK",3/2/24,Adult,2024
"Oologah, OK",3/1/24,Adult,2024
"Bartlesville, OK",3/1/24,Adult,2024
"Jones, OK",3/1/24,Adult,2024
"ENID, OK",3/1/24,Adult,2024
"Mustang, OK",2/28/24,Adult,2024
"Minco, OK",2/27/24,Adult,2024
"elk city, OK",2/26/24,Adult,2024
"Okarche, OK",2/26/24,Adult,2024
"Guthrie, OK",2/26/24,Adult,2024
"Bartlesville, OK",2/26/24,Adult,2024
"Keystone Lake, OK",2/25/24,Adult,2024
"Oklahoma City, OK",2/25/24,Adult,2024
"Blanchard, OK",2/24/24,Adult,2024
"Lindsay, OK",2/24/24,Adult,2024
"Fairland, OK",2/24/24,Adult,2024
"Sperry, OK",2/23/24,Adult,2024
"Glenpool, OK",2/22/24,Adult,2024
"Grove, OK",2/20/24,Adult,2024
"Claremore, OK",2/20/24,Adult,2024
"shawnee, OK",2/20/24,Adult,2024
"McAlester, OK",2/20/24,Adult,2024
"Marietta, OK",2/20/24,Adult,2024
"Durant, OK",2/20/24,Adult,2024
"Edmond, OK",2/19/24,Adult,2024
"Lawton, OK",2/19/24,Adult,2024
"Broken Bow, OK",2/18/24,Adult,2024
"Marlow, OK",2/17/24,Adult,2024
"Lexington, OK",2/16/24,Adult,2024
"Comanche, OK",2/16/24,Adult,2024
"Marietta, OK",2/16/24,Adult,2024
"Panama, OK",2/16/24,Adult,2024
"Piedmont, OK",2/12/24,Adult,2024
"Ardmore, OK",2/9/24,Adult,2024
"Purcell, OK",2/8/24,Adult,2024
", OK",5/10/24,Subadult,2024
"Lexington, OK",4/6/24,Subadult,2024
"Stillwater, OK",4/5/24,Subadult,2024
"Keystone Lake, OK",3/28/24,Subadult,2024
"Owasso, OK",4/15/23,Adult,2023
"Billings, OK",4/3/23,Adult,2023
"Eucha, OK",3/31/23,Adult,2023
"NORMAN, OK",3/29/23,Adult,2023
"BARTLESVILLE, OK",3/29/23,Adult,2023
"UNION CITY, OK",3/25/23,Adult,2023
"OKEMAH, OK",3/24/23,Adult,2023
"Mounds, OK",3/22/23,Adult,2023
"HULBERT, OK",3/22/23,Adult,2023
"Arcadia, OK",3/22/23,Adult,2023
"Tulsa, OK",3/20/23,Adult,2023
"Tulsa, OK",3/19/23,Adult,2023
"POND CREEK, OK",3/18/23,Adult,2023
"Sand Springs, OK",3/17/23,Adult,2023
"Oologah, OK",3/16/23,Adult,2023
"Mounds, OK",3/14/23,Adult,2023
"Ardmore, OK",3/13/23,Adult,2023
"Owasso, OK",3/12/23,Adult,2023
"Bartlesville, OK",3/12/23,Adult,2023
"Yukon, OK",3/12/23,Adult,2023
"Choctaw, OK",3/11/23,Adult,2023
"Enid, OK",3/11/23,Adult,2023
"Harrah, OK",3/11/23,Adult,2023
"Norman, OK",3/10/23,Adult,2023
"Enid, OK",3/10/23,Adult,2023
"Davis, OK",3/10/23,Adult,2023
"Davis, OK",3/10/23,Adult,2023
"Yukon, OK",3/10/23,Adult,2023
"Gore, OK",3/9/23,Adult,2023
"Paoli, OK",3/8/23,Adult,2023
"Moore, OK",3/8/23,Adult,2023
"Moore, OK",3/8/23,Adult,2023
"Keystone Lake, OK",3/7/23,Adult,2023
"Grove, OK",3/7/23,Adult,2023
"Norman, OK",3/7/23,Adult,2023
"Yukon, OK",3/6/23,Adult,2023
"Bartlesville, OK",3/6/23,Adult,2023
"Chickasha, OK",3/6/23,Adult,2023
"springer, OK",3/6/23,Adult,2023
"Blanchard, OK",3/5/23,Adult,2023
"Sperry, OK",3/5/23,Adult,2023
"Claremore, OK",3/5/23,Adult,2023
"Enid, OK",3/5/23,Adult,2023
"Tuttle, OK",3/5/23,Adult,2023
"Guthrie, OK",3/5/23,Adult,2023
"Lawton, OK",3/5/23,Adult,2023
"Owasso, OK",3/5/23,Adult,2023
"Oologah, OK",3/5/23,Adult,2023
"Choctaw, OK",3/4/23,Adult,2023
"Piedmont, OK",3/4/23,Adult,2023
"Edmond, OK",3/4/23,Adult,2023
"Okarche, OK",3/4/23,Adult,2023
"Dewey, OK",3/4/23,Adult,2023
"Norman, OK",3/4/23,Adult,2023
"Chickasha, OK",3/4/23,Adult,2023
"Glenpool, OK",3/3/23,Adult,2023
"Stillwater, OK",3/3/23,Adult,2023
"Lawton, OK",3/3/23,Adult,2023
"Benninton, OK",3/3/23,Adult,2023
"Delaware, OK",3/3/23,Adult,2023
"Oklahoma City, OK",3/1/23,Adult,2023
"Minco, OK",2/28/23,Adult,2023
"Elk City, OK",2/28/23,Adult,2023
"Wister, OK",2/28/23,Adult,2023
"Oklahoma City, OK",2/28/23,Adult,2023
"OKLAHOMA CITY, OK",2/28/23,Adult,2023
"Marietta, OK",2/28/23,Adult,2023
"Durant, OK",2/27/23,Adult,2023
"Jones, OK",2/27/23,Adult,2023
"Norman, OK",2/27/23,Adult,2023
"Fairland, OK",2/25/23,Adult,2023
"McAlester, OK",2/24/23,Adult,2023
"Ardmore, OK",2/24/23,Adult,2023
"Comanche, OK",2/23/23,Adult,2023
"Bokoshe, OK",2/23/23,Adult,2023
"Lexington, OK",2/22/23,Adult,2023
"Mustang, OK",2/22/23,Adult,2023
"Marlow, OK",2/21/23,Adult,2023
"Broken Bow, OK",2/18/23,Adult,2023
"Grove, OK",2/15/23,Adult,2023
"Yukon, OK",5/12/23,Subadult,2023
"Choctaw, OK",5/12/23,Subadult,2023
"Lexington, OK",4/23/23,Subadult,2023
"Keystone Lake, OK",4/18/23,Subadult,2023
"Stillwater, OK",4/8/23,Subadult,2023
"Newcastle, OK",4/19/22,Adult,2022
"OKEMAH, OK",3/31/22,Adult,2022
"Sand Springs, OK",3/25/22,Adult,2022
"Ardmore, OK",3/22/22,Adult,2022
"Broken Arrow, OK",3/20/22,Adult,2022
"Tulsa, OK",3/20/22,Adult,2022
"Bennington, OK",3/19/22,Adult,2022
"Coyle, OK",3/18/22,Adult,2022
"Davis, OK",3/17/22,Adult,2022
"Stillwater, OK",3/17/22,Adult,2022
"Moore, OK",3/17/22,Adult,2022
"Moore, OK",3/17/22,Adult,2022
"Tulsa, OK",3/17/22,Adult,2022
"Liberty Mounds, OK",3/17/22,Adult,2022
"Liberty Mounds, OK",3/17/22,Adult,2022
"Stillwater, OK",3/17/22,Adult,2022
"Ponca City, OK",3/16/22,Adult,2022
"Tulsa, OK",3/16/22,Adult,2022
"Wann, OK",3/16/22,Adult,2022
"Lawton, OK",3/15/22,Adult,2022
"Owasso, OK",3/15/22,Adult,2022
"Duncan, OK",3/15/22,Adult,2022
"Enid, OK",3/15/22,Adult,2022
"OKLAHOMA CITY, OK",3/14/22,Adult,2022
"Grove, OK",3/14/22,Adult,2022
"Pryor Creek, OK",3/14/22,Adult,2022
"Burbank, OK",3/14/22,Adult,2022
"Fairland, OK",3/13/22,Adult,2022
"Yukon, OK",3/13/22,Adult,2022
"Oklahoma City, OK",3/13/22,Adult,2022
"Claremore, OK",3/13/22,Adult,2022
"Waukomis, OK",3/13/22,Adult,2022
"Blanchard, OK",3/12/22,Adult,2022
"Guthrie, OK",3/11/22,Adult,2022
"Gore, OK",3/10/22,Adult,2022
"Marlow, OK",3/5/22,Adult,2022
"Sperry, OK",3/5/22,Adult,2022
"Yukon, OK",3/5/22,Adult,2022
"Comanche, OK",3/5/22,Adult,2022
"Harrah, OK",3/5/22,Adult,2022
"Lawton, OK",3/5/22,Adult,2022
"Glenpool, OK",3/5/22,Adult,2022
"Elk City, OK",3/4/22,Adult,2022
"Jones, OK",3/4/22,Adult,2022
"Jones, OK",3/4/22,Adult,2022
"Choctaw, OK",3/4/22,Adult,2022
"Edmond, OK",3/4/22,Adult,2022
"Marietta, OK",3/4/22,Adult,2022
"Mustang, OK",3/4/22,Adult,2022
"Claremore, OK",3/4/22,Adult,2022
"Lexington, OK",3/4/22,Adult,2022
"Bartlesville, OK",3/4/22,Adult,2022
"Choctaw, OK",3/4/22,Adult,2022
"Oologah, OK",3/4/22,Adult,2022
"Minco, OK",3/3/22,Adult,2022
"Durant, OK",3/3/22,Adult,2022
"Bokoshe, OK",3/3/22,Adult,2022
"Okarche, OK",3/3/22,Adult,2022
"Moore Oklahoma, OK",3/3/22,Adult,2022
"Washington, OK, OK",3/2/22,Adult,2022
"Ardmore, OK",3/2/22,Adult,2022
"Lawton, OK",3/2/22,Adult,2022
"McAlester, OK",3/1/22,Adult,2022
"Keystone Lake, OK",3/1/22,Adult,2022
"Broken Bow, OK",2/28/22,Adult,2022
"Mooreland, OK",2/25/22,Adult,2022
"Lexington, OK",5/7/22,Subadult,2022
"Choctaw, OK",5/6/22,Subadult,2022
"Stillwater, OK",5/1/22,Subadult,2022
"Jones, OK",4/29/22,Subadult,2022
"Keystone Lake Oklahoma, OK",4/12/22,Subadult,2022
"Afton, OK",4/5/21,Adult,2021
"Mounds, OK",3/29/21,Adult,2021
"Newcastle, OK",3/29/21,Adult,2021
"Fort Gibson, OK",3/25/21,Adult,2021
"Billings, OK",3/25/21,Adult,2021
"Sand Springs, OK",3/22/21,Adult,2021
"Grove, OK",3/21/21,Adult,2021
"Tuttle, OK",3/20/21,Adult,2021
"Harrah, OK",3/20/21,Adult,2021
"Edmond, OK",3/19/21,Adult,2021
"Choctaw, OK",3/17/21,Adult,2021
"Pryor Creek, OK",3/16/21,Adult,2021
"Norman, OK",3/14/21,Adult,2021
"Lawton, OK",3/14/21,Adult,2021
"Perkins, OK",3/14/21,Adult,2021
"Heavener, OK",3/11/21,Adult,2021
"Gore, OK",3/11/21,Adult,2021
"Meeker, OK",3/10/21,Adult,2021
"Apache, OK",3/9/21,Adult,2021
"Owasso, OK",3/8/21,Adult,2021
"Coyle, OK",3/8/21,Adult,2021
"Oklahoma City, OK",3/8/21,Adult,2021
"Duncan, OK",3/8/21,Adult,2021
"Glenpool, OK",3/8/21,Adult,2021
"Owasso, OK",3/8/21,Adult,2021
"Collinsville, OK",3/8/21,Adult,2021
"Enid, OK",3/8/21,Adult,2021
"Davis, OK",3/7/21,Adult,2021
"Broken Arrow, OK",3/7/21,Adult,2021
"Shawnee, OK",3/7/21,Adult,2021
"Jenks, OK",3/7/21,Adult,2021
"Ponca City, OK",3/7/21,Adult,2021
"Oologah, OK",3/7/21,Adult,2021
"Cordell, OK",3/7/21,Adult,2021
"ALVA, OK",3/6/21,Adult,2021
"Jones, OK",3/6/21,Adult,2021
"Minco, OK",3/6/21,Adult,2021
"Lawton, OK",3/6/21,Adult,2021
"Edmond, OK",3/6/21,Adult,2021
"Edmond, OK",3/6/21,Adult,2021
"Yukon, OK",3/5/21,Adult,2021
"Tulsa, OK",3/5/21,Adult,2021
"tuttle, OK",3/5/21,Adult,2021
"Claremore Okla., OK",3/4/21,Adult,2021
"Ponca City, OK",3/4/21,Adult,2021
"Fort Gibson, OK",3/4/21,Adult,2021
"Colony, OK",3/4/21,Adult,2021
"Durant, OK",3/3/21,Adult,2021
"Dewey, OK",3/3/21,Adult,2021
"Sperry, OK",3/3/21,Adult,2021
"Edmond, OK",3/3/21,Adult,2021
"Marietta, OK",3/2/21,Adult,2021
"Keystone Lake, OK",3/2/21,Adult,2021
"Claremore, OK",3/2/21,Adult,2021
"McAlester, OK",3/2/21,Adult,2021
"Stillwater, OK",3/2/21,Adult,2021
"Elk City, OK",3/2/21,Adult,2021
"Oklahoma City, OK",3/2/21,Adult,2021
"El Reno, OK",3/2/21,Adult,2021
"Choctaw, OK",3/1/21,Adult,2021
"Okarche, OK",3/1/21,Adult,2021
"Mustang, OK",3/1/21,Adult,2021
"Marietta, OK",3/1/21,Adult,2021
"MOORE, OK",3/1/21,Adult,2021
"Fairland, OK",3/1/21,Adult,2021
"Healdton, OK",3/1/21,Adult,2021
"Oklahoma City, OK",3/1/21,Adult,2021
"Burbank, OK",3/1/21,Adult,2021
"Lexington, OK",2/28/21,Adult,2021
"Marlow, OK",2/28/21,Adult,2021
"Lawton, OK",2/27/21,Adult,2021
"Copan, OK",2/26/21,Adult,2021
"Elgin, OK",2/26/21,Adult,2021
"Bokoshe, OK",2/26/21,Adult,2021
"Lawton, OK",2/25/21,Adult,2021
"Broken Bow, OK",2/24/21,Adult,2021
"Ardmore, OK",2/7/21,Adult,2021
"Paoli, OK",6/5/21,Subadult,2021
"Choctaw, OK",4/30/21,Subadult,2021
"Stillwater, OK",4/25/21,Subadult,2021
"Keystone Lake, OK",4/14/21,Subadult,2021
"Jones, OK",4/4/21,Subadult,2021
"Sulphue, OK",4/19/20,Adult,2020
"Heavener, OK",4/18/20,Adult,2020
"Davis, OK",4/15/20,Adult,2020
"Meeker, OK",4/14/20,Adult,2020
"Stillwater, OK",4/11/20,Adult,2020
"Billings, OK",4/9/20,Adult,2020
"Westville, OK",4/7/20,Adult,2020
"Fort Gibson, OK",4/6/20,Adult,2020
"Okemah, OK",4/3/20,Adult,2020
"Pryor Creek, OK",3/27/20,Adult,2020
"Tuttle, OK",3/26/20,Adult,2020
"Fort Gibson, OK",3/22/20,Adult,2020
"Prattville, OK",3/22/20,Adult,2020
"Grove, OK",3/21/20,Adult,2020
"Ponca City, OK",3/21/20,Adult,2020
"Delaware, OK",3/21/20,Adult,2020
"Gore, OK",3/20/20,Adult,2020
"Jones, OK",3/19/20,Adult,2020
"Ponca City, OK",3/19/20,Adult,2020
"Jones, OK",3/19/20,Adult,2020
"Claremore, OK",3/18/20,Adult,2020
"Watonga, OK",3/18/20,Adult,2020
"Choctaw, OK",3/17/20,Adult,2020
"Alva, OK",3/17/20,Adult,2020
"YUKON, OK",3/17/20,Adult,2020
"Tulsa, OK",3/16/20,Adult,2020
"PERKINS, OK",3/15/20,Adult,2020
"Oklahoma City, OK",3/14/20,Adult,2020
"Harrah, OK",3/13/20,Adult,2020
"Wagoner, OK",3/13/20,Adult,2020
"Oklahoma City, OK",3/12/20,Adult,2020
"Oologah, OK",3/12/20,Adult,2020
"Bartlesville, OK",3/11/20,Adult,2020
"Centralia, OK",3/11/20,Adult,2020
"Oologah, OK",3/11/20,Adult,2020
", OK",3/11/20,Adult,2020
"Jones, OK",3/10/20,Adult,2020
"Oklahoma City, OK",3/9/20,Adult,2020
"Guthrie, OK",3/8/20,Adult,2020
"Fairland, OK",3/7/20,Adult,2020
"Sperry, OK",3/7/20,Adult,2020
"Stillwater, OK",3/7/20,Adult,2020
", OK",3/6/20,Adult,2020
"Edmond, OK",3/6/20,Adult,2020
"Mustang, OK",3/5/20,Adult,2020
"Oklahoma City, OK",3/4/20,Adult,2020
"Coyle, OK",3/4/20,Adult,2020
"Waukomis, OK",3/4/20,Adult,2020
"Adair, OK",3/3/20,Adult,2020
"Marietta, OK",3/3/20,Adult,2020
"Nowata, OK",3/3/20,Adult,2020
"Elgin, OK",3/3/20,Adult,2020
"Shawnee, OK",3/3/20,Adult,2020
"Remington, OK",3/3/20,Adult,2020
"Collinsville, OK",3/3/20,Adult,2020
"Okarche, OK",3/1/20,Adult,2020
"Marlow, OK",3/1/20,Adult,2020
"Edmond, OK",2/29/20,Adult,2020
"ENID, OK",2/29/20,Adult,2020
"Jones, OK",2/29/20,Adult,2020
"Meeker, OK",2/29/20,Adult,2020
"Owasso, OK",2/29/20,Adult,2020
"Enid, OK",2/29/20,Adult,2020
"Tonkawa, OK",2/29/20,Adult,2020
"Durant, OK",2/28/20,Adult,2020
"Lexington, OK",2/28/20,Adult,2020
"Elk City, OK",2/28/20,Adult,2020
"Bokoshe, OK",2/28/20,Adult,2020
"Yukon, OK",2/28/20,Adult,2020
"Stroud, OK",2/28/20,Adult,2020
"Ponca City, OK",2/28/20,Adult,2020
"Claremore, OK",2/28/20,Adult,2020
"Kellyville, OK",2/27/20,Adult,2020
"Keystone Lake, OK",2/27/20,Adult,2020
"Bennington, OK",2/27/20,Adult,2020
"Marietta, OK",2/25/20,Adult,2020
"Harrah, OK",2/21/20,Adult,2020
"Broken Bow, OK",2/17/20,Adult,2020
"Ardmore, OK",2/15/20,Adult,2020
"COLONY, OK",2/13/20,Adult,2020
"Lawton, OK",2/13/20,Adult,2020
"Ardmore, OK",5/9/20,Subadult,2020
"Jones, OK",5/6/20,Subadult,2020
"Stillwater, OK",5/1/20,Subadult,2020
"Choctaw, OK",4/30/20,Subadult,2020
"Jones, OK",4/26/20,Subadult,2020
"Okemah, OK",4/23/20,Subadult,2020
"Heavener, OK",4/18/20,Subadult,2020
"Sand Springs, OK",4/16/20,Subadult,2020
"Oklahoma City, OK",4/21/19,Adult,2019
"Gore, OK",4/19/19,Adult,2019
"Meeker, OK",4/14/19,Adult,2019
"Claremore, OK",4/14/19,Adult,2019
"Davis, OK",4/8/19,Adult,2019
"Oklahoma City, OK",4/8/19,Adult,2019
"Fort Gibson, OK",4/6/19,Adult,2019
"Grove, OK",4/4/19,Adult,2019
"Enid, OK",4/2/19,Adult,2019
"Sulphur, OK",3/29/19,Adult,2019
"Owasso, OK",3/28/19,Adult,2019
"Wagoner, OK",3/23/19,Adult,2019
"Billings, OK",3/23/19,Adult,2019
"Owasso, OK",3/23/19,Adult,2019
"Claremore, OK",3/22/19,Adult,2019
"Enid, OK",3/21/19,Adult,2019
"Stillwater, OK",3/17/19,Adult,2019
"Tulsa, OK",3/16/19,Adult,2019
"Oologah, OK",3/14/19,Adult,2019
"Oklahoma City, OK",3/14/19,Adult,2019
"ELK CITY, OK",3/13/19,Adult,2019
"Enid, OK",3/13/19,Adult,2019
"Tishomingo, OK",3/13/19,Adult,2019
"verdigris, OK",3/12/19,Adult,2019
"wellston, OK",3/12/19,Adult,2019
"Ponca City, OK",3/12/19,Adult,2019
"Marietta, OK",3/11/19,Adult,2019
"nowata, OK",3/11/19,Adult,2019
"Coyle, OK",3/11/19,Adult,2019
"Coyle, OK",3/11/19,Adult,2019
"Edmond, OK",3/11/19,Adult,2019
"Copan, OK",3/11/19,Adult,2019
"Tulsa, OK",3/11/19,Adult,2019
"Vinita, OK",3/11/19,Adult,2019
"Owasso, OK",3/11/19,Adult,2019
"Oklahoma City, OK",3/10/19,Adult,2019
"Dewey, OK",3/10/19,Adult,2019
"Fairland, OK",3/10/19,Adult,2019
"Jones, OK",3/10/19,Adult,2019
"adair, OK",3/10/19,Adult,2019
"Keystone Lake Oklahoma, OK",3/10/19,Adult,2019
"Burbank, OK",3/10/19,Adult,2019
"Norman, OK",3/9/19,Adult,2019
"Sperry, OK",3/9/19,Adult,2019
"Jones, OK",3/9/19,Adult,2019
"Lawton, OK",3/9/19,Adult,2019
"Tuttle, OK",3/9/19,Adult,2019
"Edmond, OK",3/9/19,Adult,2019
"Marlow, OK",3/9/19,Adult,2019
"Guthrie, OK",3/9/19,Adult,2019
"Claremore, OK",3/9/19,Adult,2019
"McAlester, OK",3/8/19,Adult,2019
"Bennington, OK",3/8/19,Adult,2019
"Choctaw, OK",3/7/19,Adult,2019
"Durant, OK",3/4/19,Adult,2019
"Poteau, OK",3/1/19,Adult,2019
"Lexington, OK",2/26/19,Adult,2019
"Tonkawa, OK",2/26/19,Adult,2019
"Kellyville, OK",2/25/19,Adult,2019
"Broken Bow, OK",2/25/19,Adult,2019
"Okarche, OK",2/22/19,Adult,2019
"Ardmore, OK",2/20/19,Adult,2019
"Bokoshe, OK",2/18/19,Adult,2019
"Lawton, OK",2/8/19,Adult,2019
"Lawton, OK",5/8/19,Subadult,2019
"Choctaw, OK",5/7/19,Subadult,2019
"Oklahoma City, OK",5/6/19,Subadult,2019
"Claremore, OK",5/6/19,Subadult,2019
"Fairland, OK",4/26/19,Subadult,2019
"Okarche, OK",4/26/19,Subadult,2019
"STILLWATER, OK",4/25/19,Subadult,2019
"Keystone Lake, OK",4/22/19,Subadult,2019
"Owasso, OK",4/22/19,Subadult,2019
"Claremore, OK",4/7/18,Adult,2018
"Billings, OK",4/4/18,Adult,2018
"Fort Gibson, OK",4/4/18,Adult,2018
"Oklahoma City, OK",3/22/18,Adult,2018
"Grove, OK",3/21/18,Adult,2018
"Ponca City, OK",3/20/18,Adult,2018
"WAgoner, OK",3/18/18,Adult,2018
"Ponca City, OK",3/17/18,Adult,2018
"Tulsa, OK",3/17/18,Adult,2018
"shawnee, OK",3/17/18,Adult,2018
"OKLAHOMA CITY, OK",3/17/18,Adult,2018
"Stillwater, OK",3/17/18,Adult,2018
"Sulphur, OK",3/16/18,Adult,2018
"Harrah, OK",3/16/18,Adult,2018
"Spavinaw, OK",3/16/18,Adult,2018
"MEEKER, OK",3/16/18,Adult,2018
"Owasso, OK",3/15/18,Adult,2018
"elk city, OK",3/14/18,Adult,2018
"Tuttle, OK",3/14/18,Adult,2018
"Owasso, OK",3/14/18,Adult,2018
"Davenport, OK",3/14/18,Adult,2018
"Perkins, OK",3/10/18,Adult,2018
"Copan, OK",3/10/18,Adult,2018
"Hennepin, OK",3/9/18,Adult,2018
"Claremore, OK",3/8/18,Adult,2018
"Claremore, OK",3/6/18,Adult,2018
"morrison, OK",3/4/18,Adult,2018
"Oklahoma City, OK",3/3/18,Adult,2018
"Ramona, OK",3/3/18,Adult,2018
"Oologah, OK",3/3/18,Adult,2018
"Shawnee, OK",3/3/18,Adult,2018
"Elgin, OK",3/3/18,Adult,2018
"Adair, OK",3/3/18,Adult,2018
"Delaware, OK",3/3/18,Adult,2018
"Piedmont, OK",3/2/18,Adult,2018
"Enid, OK",3/2/18,Adult,2018
"wellston, OK",3/2/18,Adult,2018
"Keystone Lake, Oklahoma, OK",3/2/18,Adult,2018
"Edmond, OK",3/2/18,Adult,2018
"Sand Springs, OK",3/2/18,Adult,2018
"Remington, Oklahoma, OK",3/2/18,Adult,2018
"Oklahoma City, OK",3/2/18,Adult,2018
"Tulsa, OK",3/2/18,Adult,2018
"coweta, OK",3/2/18,Adult,2018
"Ada, OK",3/1/18,Adult,2018
"Fairland, OK",3/1/18,Adult,2018
"Lawton, OK",3/1/18,Adult,2018
"Elk city, OK",2/28/18,Adult,2018
"Coyle, OK",2/28/18,Adult,2018
"Edmond, OK",2/28/18,Adult,2018
"Edmond, OK",2/28/18,Adult,2018
"Duncan, OK",2/28/18,Adult,2018
"Vinita, OK",2/28/18,Adult,2018
"Ponca City, OK",2/28/18,Adult,2018
"Wellston, OK",2/28/18,Adult,2018
"Nowata, OK",2/28/18,Adult,2018
"Okarche, OK",2/27/18,Adult,2018
"Choctaw, OK",2/26/18,Adult,2018
"Colony,, OK",2/26/18,Adult,2018
"Guthrie, OK",2/26/18,Adult,2018
"Jones, OK",2/26/18,Adult,2018
"Coleman, OK",2/26/18,Adult,2018
"Kellyville, OK",2/25/18,Adult,2018
"Bennington, OK",2/25/18,Adult,2018
"Sperry, OK",2/25/18,Adult,2018
"red rock, OK",2/25/18,Adult,2018
"McAlester, OK",2/25/18,Adult,2018
"Lexington, OK",2/25/18,Adult,2018
"Marlow, OK",2/25/18,Adult,2018
"Owasso, OK",2/24/18,Adult,2018
"Bokoshe, OK",2/19/18,Adult,2018
"Lawton, OK",2/19/18,Adult,2018
"Norman, OK",2/19/18,Adult,2018
"Broken Bow, OK",2/19/18,Adult,2018
"Durant, OK",2/18/18,Adult,2018
"Ardmore, OK",2/17/18,Adult,2018
"Centralia, OK",2/1/18,Adult,2018
"Davis, OK",5/7/18,Subadult,2018
"Keystone Lake, Oklahoma, OK",5/1/18,Subadult,2018
"Tulsa, OK",4/30/18,Subadult,2018
"harrah, OK",4/29/18,Subadult,2018
"Choctaw, OK",4/28/18,Subadult,2018
"Fairland, OK",4/28/18,Subadult,2018
"Okarche, OK",4/20/18,Subadult,2018
"Tahlequah, OK",5/4/17,Adult,2017
"Claremore, OK",4/4/17,Adult,2017
"Oklahoma City, OK",4/4/17,Adult,2017
"Moore, OK",4/4/17,Adult,2017
"Oologah, OK",4/2/17,Adult,2017
"Duncan, OK",4/1/17,Adult,2017
"Dewey, OK",3/29/17,Adult,2017
"Waukomis, OK",3/29/17,Adult,2017
"Bartlesville, OK",3/28/17,Adult,2017
"Meeker, OK",3/28/17,Adult,2017
"Quapaw, OK",3/26/17,Adult,2017
"Carmen, OK",3/25/17,Adult,2017
"blanchard, OK",3/23/17,Adult,2017
"Okarche, OK",3/23/17,Adult,2017
"Harrah, OK",3/21/17,Adult,2017
"Newkirk, OK",3/20/17,Adult,2017
"Alva, OK",3/20/17,Adult,2017
"Collinsville, OK",3/20/17,Adult,2017
"Claremore, OK",3/20/17,Adult,2017
"Owasso, OK",3/19/17,Adult,2017
"Lawton, OK",3/19/17,Adult,2017
"TUTTLE, OK",3/18/17,Adult,2017
"El Reno, OK",3/18/17,Adult,2017
"Spavinaw, OK",3/18/17,Adult,2017
"Miami, OK",3/18/17,Adult,2017
"Oklahoma City, OK",3/17/17,Adult,2017
"McAlester, OK",3/17/17,Adult,2017
"Tulsa, OK",3/17/17,Adult,2017
"Sand Springs, OK",3/17/17,Adult,2017
"Enid, OK",3/17/17,Adult,2017
"Ponca City, OK",3/17/17,Adult,2017
"Tulsa, OK",3/17/17,Adult,2017
"Perkins, OK",3/17/17,Adult,2017
"Copan, OK",3/16/17,Adult,2017
"Watonga, OK",3/16/17,Adult,2017
"WAPANUCKA, OK",3/15/17,Adult,2017
"Oklahoma City, OK",3/15/17,Adult,2017
"Piedmont, OK",3/13/17,Adult,2017
"Delaware, OK",3/13/17,Adult,2017
"ELK CITY, OK",3/11/17,Adult,2017
"Westville, OK",3/10/17,Adult,2017
"Adair, OK",3/10/17,Adult,2017
"Edmond, OK",3/9/17,Adult,2017
"Broken Arrow, OK",3/7/17,Adult,2017
"Ada, OK",3/7/17,Adult,2017
"Kellyville, OK",3/6/17,Adult,2017
"Tuttle, OK",3/6/17,Adult,2017
"Oklahoma City, OK",3/6/17,Adult,2017
"Owasso, OK",3/6/17,Adult,2017
"Shawnee, OK",3/5/17,Adult,2017
"Remington, OK",3/4/17,Adult,2017
"Sperry, OK",3/4/17,Adult,2017
"coyle, OK",3/4/17,Adult,2017
"Choctaw, OK",3/3/17,Adult,2017
"Claremore, OK",3/3/17,Adult,2017
"Edmond, OK",3/3/17,Adult,2017
"Jones, OK",3/3/17,Adult,2017
"Duncan Ok, OK",3/3/17,Adult,2017
"GROVE, OK",3/3/17,Adult,2017
"Woodward, OK",3/3/17,Adult,2017
"Guthrie, OK",3/2/17,Adult,2017
"Lexington, OK",3/2/17,Adult,2017
"Bokoshe, OK",3/2/17,Adult,2017
"Marietta, OK",3/2/17,Adult,2017
"Sulphur, OK",3/2/17,Adult,2017
"Fairland, OK",3/1/17,Adult,2017
"Lawton, OK",2/28/17,Adult,2017
"Wellston, OK",2/28/17,Adult,2017
"Tuttle, OK",2/28/17,Adult,2017
"Oklahoma City, OK",2/26/17,Adult,2017
"Norman, OK",2/23/17,Adult,2017
"oklahoma city, OK",2/22/17,Adult,2017
"Marlow, OK",2/21/17,Adult,2017
"Ardmore, OK",2/21/17,Adult,2017
"Bennington, OK",2/20/17,Adult,2017
"Broken Bow, OK",2/19/17,Adult,2017
"Meeker, OK",2/19/17,Adult,2017
"Lawton, OK",2/19/17,Adult,2017
"enid, OK",2/18/17,Adult,2017
"Tulsa, OK",2/18/17,Adult,2017
"Shady Point, OK",2/14/17,Adult,2017
"Durant, OK",2/12/17,Adult,2017
"Tulsa, OK",5/6/17,Subadult,2017
"Choctaw, OK",5/5/17,Subadult,2017
"Waukomis, OK",5/4/17,Subadult,2017
"Owasso, OK",4/30/17,Subadult,2017
"Fairland, OK",4/29/17,Subadult,2017
"Claremore, OK",4/27/17,Subadult,2017
"coyle, OK",4/25/17,Subadult,2017
"Sand Springs, OK",4/10/17,Subadult,2017
"shawnee, OK",4/8/17,Subadult,2017
"Oklahoma City, OK",4/5/17,Subadult,2017
"Oklahoma City, OK",4/2/16,Adult,2016
"Mulhall, OK",3/30/16,Adult,2016
"Poteau, OK",3/29/16,Adult,2016
"Sand Springs, OK",3/26/16,Adult,2016
"Miami OK, OK",3/24/16,Adult,2016
"Tulsa, OK",3/24/16,Adult,2016
"Meeker, OK",3/23/16,Adult,2016
"Tulsa, OK",3/21/16,Adult,2016
"Grove, OK",3/21/16,Adult,2016
"Ponca City, OK",3/20/16,Adult,2016
"Sand Springs, OK",3/20/16,Adult,2016
"Broken Arrow, OK",3/20/16,Adult,2016
"Newkirk, OK",3/19/16,Adult,2016
"Lawton, OK",3/17/16,Adult,2016
"Ponca City, OK",3/17/16,Adult,2016
"Harrah, OK",3/16/16,Adult,2016
"Bartlesville, OK",3/16/16,Adult,2016
"Oklahoma City, OK",3/16/16,Adult,2016
"Miami, OK",3/16/16,Adult,2016
"Norman, OK",3/15/16,Adult,2016
"Nichols Hills, OK",3/15/16,Adult,2016
"Copan, OK",3/15/16,Adult,2016
"Bixby, OK",3/14/16,Adult,2016
"Adair, OK",3/14/16,Adult,2016
"Duncan Ok, OK",3/14/16,Adult,2016
"burbank, OK",3/13/16,Adult,2016
"Lawton, OK",3/13/16,Adult,2016
"Edmond, OK",3/13/16,Adult,2016
"tahlequah, OK",3/13/16,Adult,2016
"Tulsa, OK",3/13/16,Adult,2016
"Okarche, OK",3/13/16,Adult,2016
"Claremore, OK",3/13/16,Adult,2016
"oklahoma city, OK",3/13/16,Adult,2016
"Tulsa, OK",3/13/16,Adult,2016
"Sperry, OK",3/13/16,Adult,2016
"Kellyville, OK",3/13/16,Adult,2016
"Delaware, OK",3/13/16,Adult,2016
"Sulphur, OK",3/13/16,Adult,2016
"Marietta, OK",3/12/16,Adult,2016
"Enid, OK",3/12/16,Adult,2016
"Jones, OK",3/11/16,Adult,2016
"Tuttle, OK",3/11/16,Adult,2016
"McAlester, OK",3/11/16,Adult,2016
"Guthrie, OK",3/10/16,Adult,2016
"Lexington, OK",3/10/16,Adult,2016
"Shawnee, OK",3/8/16,Adult,2016
"Okc, OK",3/8/16,Adult,2016
"Colony,, OK",3/7/16,Adult,2016
"waukomis, OK",3/6/16,Adult,2016
"Ft Gibson, OK",3/6/16,Adult,2016
"tuttle, OK",3/6/16,Adult,2016
"Westville, OK",3/5/16,Adult,2016
"Choctaw, OK",3/5/16,Adult,2016
"Fairland, OK",3/4/16,Adult,2016
"Edmond, OK",3/3/16,Adult,2016
"Enid, OK",3/3/16,Adult,2016
"Nowata, OK",3/3/16,Adult,2016
"Coweta, OK",3/2/16,Adult,2016
"Lawton, OK",3/1/16,Adult,2016
"Edmond, OK",2/29/16,Adult,2016
"Durant, OK",2/29/16,Adult,2016
"Woodward, OK",2/28/16,Adult,2016
"Lawton, OK",2/28/16,Adult,2016
"Oologah, OK",2/28/16,Adult,2016
"Piedmont, OK",2/27/16,Adult,2016
"durant, OK",2/27/16,Adult,2016
"Ardmore, OK",2/27/16,Adult,2016
"Norman, OK",2/27/16,Adult,2016
"Meeker, OK",2/26/16,Adult,2016
"Lawton, OK",2/26/16,Adult,2016
"Marlow, OK",2/24/16,Adult,2016
"Bennington, OK",2/23/16,Adult,2016
"Bokoshe, OK",2/20/16,Adult,2016
"Sulphur, OK",6/15/16,Subadult,2016
"Fairland, OK",4/23/16,Subadult,2016
"Sperry, OK",4/23/16,Subadult,2016
"Waukomis, OK",4/22/16,Subadult,2016
"Oklahoma City, OK",4/21/16,Subadult,2016
"Sand Springs, OK",4/18/16,Subadult,2016
"Owasso, OK",3/19/16,Subadult,2016
"mulhall, OK",4/13/15,Adult,2015
"Harrah, OK",4/12/15,Adult,2015
"Muldrow , OK",4/6/15,Adult,2015
"Lexington, OK",4/1/15,Adult,2015
"Adair, OK",3/29/15,Adult,2015
"perry, OK",3/29/15,Adult,2015
"Cleora, OK",3/29/15,Adult,2015
"Miami, OK",3/26/15,Adult,2015
"Welch, OK",3/25/15,Adult,2015
"Broken Arrow, OK",3/24/15,Adult,2015
"Copan, OK",3/24/15,Adult,2015
"Ponca City, OK",3/24/15,Adult,2015
"Bixby, OK",3/23/15,Adult,2015
"Sperry, OK",3/23/15,Adult,2015
"Edmond, OK",3/23/15,Adult,2015
"ketchum, OK",3/23/15,Adult,2015
"Broken Arrow, OK",3/23/15,Adult,2015
"Coweta, OK",3/23/15,Adult,2015
"Meeker, OK",3/23/15,Adult,2015
"Okarche, OK",3/23/15,Adult,2015
"Duncan, OK",3/22/15,Adult,2015
"Owasso, OK",3/22/15,Adult,2015
"Norman, OK",3/21/15,Adult,2015
"Tulsa, OK",3/21/15,Adult,2015
"Fairland, OK",3/21/15,Adult,2015
"Ponca City, OK",3/21/15,Adult,2015
"Okmulgee, OK",3/21/15,Adult,2015
"South Coffeyville, OK",3/20/15,Adult,2015
"Enid, OK",3/20/15,Adult,2015
"Oklahoma ity, OK",3/19/15,Adult,2015
"Liberty Mounds, OK",3/17/15,Adult,2015
"TUTTLE, OK",3/17/15,Adult,2015
"Grove, OK",3/17/15,Adult,2015
"Tonkawa, OK",3/17/15,Adult,2015
"Blanchard, OK",3/16/15,Adult,2015
"Nichols Hills, OK",3/16/15,Adult,2015
"Claremore, OK",3/16/15,Adult,2015
"Coweta, OK",3/16/15,Adult,2015
"Broken Arrow, OK",3/16/15,Adult,2015
"Bartlesville, OK",3/16/15,Adult,2015
"Colony, OK",3/16/15,Adult,2015
"Bartlesville, OK",3/16/15,Adult,2015
"Elk city, OK",3/15/15,Adult,2015
"Bridge Creek, OK",3/15/15,Adult,2015
"Tahlequah, OK",3/15/15,Adult,2015
"Edmond, OK",3/15/15,Adult,2015
"Owasso, OK",3/15/15,Adult,2015
"Tonkawa, OK",3/15/15,Adult,2015
"El Reno, OK",3/15/15,Adult,2015
"Tulsa, OK",3/15/15,Adult,2015
"LAWTON, OK",3/14/15,Adult,2015
"Owasso, OK",3/13/15,Adult,2015
"Perkins, OK",3/13/15,Adult,2015
"Tulsa, OK",3/13/15,Adult,2015
"Nowata, OK",3/12/15,Adult,2015
"Guthrie , OK",3/12/15,Adult,2015
"Nowata, OK",3/11/15,Adult,2015
"Lebanon, OK",3/10/15,Adult,2015
"Lawton, OK",3/10/15,Adult,2015
"vici, OK",3/10/15,Adult,2015
"Shawnee, OK",3/10/15,Adult,2015
"Collinsville, OK",3/10/15,Adult,2015
"Marietta, OK",3/10/15,Adult,2015
"coalgate, OK",3/9/15,Adult,2015
"Ardmore, OK",3/9/15,Adult,2015
"Tuttle , OK",3/9/15,Adult,2015
"Duncan, OK",3/9/15,Adult,2015
"Lawton, OK",3/9/15,Adult,2015
"Okarche, OK",3/8/15,Adult,2015
"Enid, OK",3/8/15,Adult,2015
"Piedmont, OK",3/8/15,Adult,2015
"Marietta, OK",3/8/15,Adult,2015
"Enid, OK",3/8/15,Adult,2015
"Collinsville, OK",3/8/15,Adult,2015
"Waukomis, OK",3/8/15,Adult,2015
"Edmond, OK",3/7/15,Adult,2015
"Shady Point, OK",3/7/15,Adult,2015
"Ramona, OK",3/7/15,Adult,2015
"Broken Arrow, OK",3/7/15,Adult,2015
"Jones, OK",3/7/15,Adult,2015
"Choctaw, OK",3/7/15,Adult,2015
"Lawton, OK",3/7/15,Adult,2015
"Bennington, OK",3/7/15,Adult,2015
"CLAREMORE, OK",3/7/15,Adult,2015
"McAlester, OK",3/7/15,Adult,2015
"Oologah, OK",3/7/15,Adult,2015
"Tulsa, OK",3/6/15,Adult,2015
"Wann, OK",3/6/15,Adult,2015
"Hobart, OK",3/1/15,Adult,2015
"Lawton, OK",2/25/15,Adult,2015
"Coleman , OK",2/17/15,Adult,2015
"Red slough wma, OK",2/17/15,Adult,2015
"Broken Bow, OK",2/15/15,Adult,2015
"Idabel, OK",2/14/15,Adult,2015
"Durant, OK",2/10/15,Adult,2015
"Lindsay, OK",2/9/15,Adult,2015
"Bokoshe, OK",2/9/15,Adult,2015
"Oklahoma City, OK",5/26/15,Subadult,2015
"Choctaw, OK",5/1/15,Subadult,2015
"Tulsa, OK",5/1/15,Subadult,2015
"Copan, OK",4/29/15,Subadult,2015
"Sperry, OK",4/22/15,Subadult,2015
"Edmond, OK",4/22/15,Subadult,2015
"Harrah, OK",4/19/15,Subadult,2015
"Tulsa, OK",4/11/15,Subadult,2015
"Coweta, OK",4/7/15,Subadult,2015
"Adair, OK",5/8/14,Adult,2014
"Duncan, OK",4/12/14,Adult,2014
"Broken Arrow, OK",3/29/14,Adult,2014
"Claremore, OK",3/27/14,Adult,2014
"Norman, OK",3/27/14,Adult,2014
"South Coffeyville, OK",3/27/14,Adult,2014
"Cleora, OK",3/25/14,Adult,2014
"Coweta, OK",3/25/14,Adult,2014
"Tulsa, OK",3/25/14,Adult,2014
"Norman, OK",3/24/14,Adult,2014
"Near Ketchum, OK",3/22/14,Adult,2014
"Barnsdall, OK",3/21/14,Adult,2014
"Ponca City, OK",3/21/14,Adult,2014
"Sperry, OK",3/21/14,Adult,2014
"Bartlesville, OK",3/20/14,Adult,2014
"Duncan, OK",3/19/14,Adult,2014
"Coweta, OK",3/18/14,Adult,2014
"McAlester, OK",3/18/14,Adult,2014
"Meeker, OK",3/18/14,Adult,2014
"OKC Nichols Hills, OK",3/17/14,Adult,2014
"Tuttle, OK",3/17/14,Adult,2014
"Broken Arrow, OK",3/16/14,Adult,2014
"Tulsa , OK",3/15/14,Adult,2014
"vici, OK",3/15/14,Adult,2014
"Enid, OK",3/14/14,Adult,2014
"Tulsa, OK",3/14/14,Adult,2014
"Tulsa, OK",3/14/14,Adult,2014
"Ponca City, OK",3/14/14,Adult,2014
"Union City, OK",3/14/14,Adult,2014
"Idabel, OK",3/14/14,Adult,2014
"Tinker AFB, OK",3/14/14,Adult,2014
"Tonkawa, OK",3/13/14,Adult,2014
"Lawton, OK",3/13/14,Adult,2014
"Nowata, OK",3/13/14,Adult,2014
"Broken Arrow, OK",3/13/14,Adult,2014
"Perkins, OK",3/13/14,Adult,2014
"Jones, OK",3/12/14,Adult,2014
"Tonkawa, OK",3/12/14,Adult,2014
"tulsa, OK",3/12/14,Adult,2014
"Ketchum, OK",3/12/14,Adult,2014
"El Reno, OK",3/11/14,Adult,2014
"Bartlesville, OK",3/11/14,Adult,2014
"Tahlequah, OK",3/11/14,Adult,2014
"Okarche, OK",3/11/14,Adult,2014
"Bridgecreek, OK",3/11/14,Adult,2014
"Claremore, OK",3/11/14,Adult,2014
"Elk city, OK",3/11/14,Adult,2014
"Waukomis , OK",3/11/14,Adult,2014
"Claremore, OK",3/11/14,Adult,2014
"Mannford, OK",3/11/14,Adult,2014
"Choctaw, OK",3/11/14,Adult,2014
"Choctaw OK, OK",3/11/14,Adult,2014
"Collinsville, OK",3/11/14,Adult,2014
"Collinsville, OK",3/11/14,Adult,2014
"Owasso, OK",3/11/14,Adult,2014
"Oologah, OK",3/11/14,Adult,2014
"Broken Arrow, OK",3/10/14,Adult,2014
"Owasso, OK",3/10/14,Adult,2014
"Fort Gibson, OK",3/10/14,Adult,2014
"coalgate, OK",3/10/14,Adult,2014
"Idabel, OK",3/10/14,Adult,2014
"lawton, OK",3/10/14,Adult,2014
"Nowata, OK",3/10/14,Adult,2014
"Owasso, OK",3/9/14,Adult,2014
"Tuttle, OK",3/9/14,Adult,2014
"Rose, OK",3/8/14,Adult,2014
"McAlester, OK",3/8/14,Adult,2014
"Tulsa, OK",3/7/14,Adult,2014
"Haworth, OK",3/4/14,Adult,2014
"LAWTON, OK",3/1/14,Adult,2014
"PONCA CITY, OK",3/1/14,Adult,2014
"Cushing, OK",2/28/14,Adult,2014
"Guthrie, OK",2/28/14,Adult,2014
"Shawnee, OK",2/27/14,Adult,2014
"coleman, OK",2/27/14,Adult,2014
"red slough wma, OK",2/26/14,Adult,2014
"Shady Point, OK",2/25/14,Adult,2014
"Bennington, OK",2/25/14,Adult,2014
"Coleman, OK",2/22/14,Adult,2014
"Marietta, OK",2/22/14,Adult,2014
"durant, OK",2/22/14,Adult,2014
"Tulsa, OK",2/22/14,Adult,2014
"Ardmore, OK",2/20/14,Adult,2014
"Marietta, OK",2/19/14,Adult,2014
"Edmond, OK",2/19/14,Adult,2014
"Colony, OK",2/18/14,Adult,2014
"Piedmont, OK",2/17/14,Adult,2014
"Bokoshe, OK",2/17/14,Adult,2014
"Lindsay, OK",2/17/14,Adult,2014
"Hobart, OK",2/16/14,Adult,2014
"Meeker, OK",2/16/14,Adult,2014
"Duncan, OK",2/16/14,Adult,2014
"Durant, OK",2/15/14,Adult,2014
"Adair, OK",5/8/14,Subadult,2014
"Choctaw, OK",4/21/14,Subadult,2014
"Edmond, OK",4/21/14,Subadult,2014
"choctaw, OK",4/20/14,Subadult,2014
"Tulsa, OK",4/19/14,Subadult,2014
"Waukomis, OK",4/14/14,Subadult,2014
"Claremore, OK",4/15/13,Adult,2013
"Duncan, OK",4/9/13,Adult,2013
"Duncan, OK",4/9/13,Adult,2013
"Yukon, OK",4/8/13,Adult,2013
"Vinita, OK",4/7/13,Adult,2013
"Waukomis, OK",3/31/13,Adult,2013
"Claremore, OK",3/30/13,Adult,2013
"Tulsa, OK",3/29/13,Adult,2013
"Broken Arrow, OK",3/29/13,Adult,2013
"Tulsa, OK",3/28/13,Adult,2013
"Foil, OK",3/25/13,Adult,2013
"Newkirk, OK",3/23/13,Adult,2013
"Broken Arrow, OK",3/21/13,Adult,2013
"CLAREMORE, OK",3/19/13,Adult,2013
"Collinsville, OK",3/14/13,Adult,2013
"Coweta, OK",3/14/13,Adult,2013
"McAlester, OK",3/14/13,Adult,2013
"Choctaw, OK",3/13/13,Adult,2013
"vici, OK",3/13/13,Adult,2013
"Owasso , OK",3/13/13,Adult,2013
"Choctaw, OK",3/13/13,Adult,2013
"Tulsa, OK",3/12/13,Adult,2013
"Union City, OK",3/12/13,Adult,2013
"McAlester, OK",3/10/13,Adult,2013
"GROVE, OK",3/9/13,Adult,2013
"Choctaw, OK",3/9/13,Adult,2013
"Tulsa, OK",3/9/13,Adult,2013
"Enid, OK",3/9/13,Adult,2013
"Enid, OK",3/9/13,Adult,2013
"Claremore, OK",3/8/13,Adult,2013
"Nowata, OK",3/8/13,Adult,2013
"Tinker AFB, OK",3/7/13,Adult,2013
"Tuttle, OK",3/6/13,Adult,2013
"Meeker, OK",3/6/13,Adult,2013
"Bridgecreek, OK",3/5/13,Adult,2013
"Ponca City , OK",3/4/13,Adult,2013
"Lawton, OK",3/4/13,Adult,2013
"Tulsa River Parks, OK",3/4/13,Adult,2013
"Tulsa, OK",3/4/13,Adult,2013
"Owasso, OK",3/4/13,Adult,2013
"Collinsville, OK",3/4/13,Adult,2013
"Meeker, OK",3/3/13,Adult,2013
"Wellston, OK",3/3/13,Adult,2013
"Tuttle , OK",3/3/13,Adult,2013
"Okarche, OK",3/3/13,Adult,2013
"Enid, OK",3/3/13,Adult,2013
"Colony, OK",3/3/13,Adult,2013
"Ketchum, OK",3/3/13,Adult,2013
"elk city, OK",3/2/13,Adult,2013
"Tahlequah, OK",3/1/13,Adult,2013
"Bartlesville, OK",2/28/13,Adult,2013
"Piedmont, OK",2/28/13,Adult,2013
"Altus, OK",2/27/13,Adult,2013
"Edmond, OK",2/27/13,Adult,2013
"Ponca City, OK",2/26/13,Adult,2013
"Duncan, OK",2/26/13,Adult,2013
"Nichols Hills, OK",2/26/13,Adult,2013
"Guthrie, OK",2/26/13,Adult,2013
"Tulsa, OK",2/24/13,Adult,2013
"Tonkawa, OK",2/24/13,Adult,2013
"Shawnee, OK",2/24/13,Adult,2013
"woodward, OK",2/24/13,Adult,2013
"Oologah, OK",2/24/13,Adult,2013
"Perkins, OK",2/24/13,Adult,2013
"Nowata, OK",2/24/13,Adult,2013
"Norman, OK",2/24/13,Adult,2013
"Haworth, OK",2/23/13,Adult,2013
"Marietta, OK",2/23/13,Adult,2013
"Marietta, OK",2/23/13,Adult,2013
"Checotah, OK",2/22/13,Adult,2013
"Bennington, OK",2/22/13,Adult,2013
"Edmond, OK",2/21/13,Adult,2013
"COALGATE, OK",2/21/13,Adult,2013
"Duncan, OK",2/20/13,Adult,2013
"Lawton, OK",2/20/13,Adult,2013
"durant, OK",2/19/13,Adult,2013
"Tuttle, OK",2/17/13,Adult,2013
"Lawton, OK",2/17/13,Adult,2013
"Oklahoma City, OK",2/17/13,Adult,2013
"Owasso, OK",2/17/13,Adult,2013
"Shady Point, OK",2/16/13,Adult,2013
"Ardmore, OK",2/16/13,Adult,2013
"Lawton, OK",2/16/13,Adult,2013
"Walters, OK",2/16/13,Adult,2013
"Lindsay, OK",2/16/13,Adult,2013
"Marietta, OK",2/14/13,Adult,2013
"Hobart, OK",2/11/13,Adult,2013
"Durant, OK",2/7/13,Adult,2013
"Bokoshe, OK",2/6/13,Adult,2013
"Clarita, OK",1/31/13,Adult,2013
"Waukomis, OK",5/20/13,Subadult,2013
"tonkawa, OK",4/23/13,Subadult,2013
"Broken Arrow, OK",4/22/13,Subadult,2013
"Choctaw, OK",4/21/13,Subadult,2013
"Tulsa, OK",4/21/13,Subadult,2013
"Edmond, OK",4/18/13,Subadult,2013
"Claremore, OK",4/15/13,Subadult,2013
"Tulsa, OK",4/12/13,Subadult,2013
"durant, OK",3/20/13,Subadult,2013
"Duncan, OK",4/17/12,Adult,2012
"Meeker, OK",3/30/12,Adult,2012
"Tulsa, OK",3/29/12,Adult,2012
"Tahlequah, OK",3/29/12,Adult,2012
"Oklahoma City, OK",3/28/12,Adult,2012
"Coweta, OK",3/27/12,Adult,2012
"Edmond, OK",3/25/12,Adult,2012
"norman, OK",3/24/12,Adult,2012
"Newkirk, OK",3/24/12,Adult,2012
"Broken Arrow, OK",3/24/12,Adult,2012
"Tulsa, OK",3/23/12,Adult,2012
"Claremore, OK",3/20/12,Adult,2012
"Coweta, OK",3/20/12,Adult,2012
"Tulsa, OK",3/20/12,Adult,2012
"Collinsville, OK",3/17/12,Adult,2012
"Burbank, OK",3/17/12,Adult,2012
"south coffeyville, OK",3/16/12,Adult,2012
"Owasso, OK",3/16/12,Adult,2012
"Choctaw, OK",3/15/12,Adult,2012
"Tinker AFB, OK",3/15/12,Adult,2012
"vici, OK",3/14/12,Adult,2012
"Union City, OK",3/13/12,Adult,2012
"CLAREMORE, OK",3/13/12,Adult,2012
"McAlester, OK",3/13/12,Adult,2012
"Choctaw, OK",3/13/12,Adult,2012
"Poteau, OK",3/13/12,Adult,2012
"Shady Point, OK",3/12/12,Adult,2012
"Broken Arrow, OK",3/12/12,Adult,2012
"Grove, OK",3/12/12,Adult,2012
"Broken Arrow, OK",3/12/12,Adult,2012
"CLAREMORE, OK",3/12/12,Adult,2012
"Tulsa, OK",3/12/12,Adult,2012
"stillwater, OK",3/12/12,Adult,2012
"Broken Arrow, OK",3/12/12,Adult,2012
"Colony, OK",3/11/12,Adult,2012
"Jenks, OK",3/10/12,Adult,2012
"elk city, OK",3/10/12,Adult,2012
"Tonkawa, OK",3/10/12,Adult,2012
"Vinita, OK",3/10/12,Adult,2012
"Tuttle, OK",3/10/12,Adult,2012
"Moore, OK",3/9/12,Adult,2012
"ketchum, OK",3/9/12,Adult,2012
"Tulsa, OK",3/9/12,Adult,2012
"Owasso, OK",3/9/12,Adult,2012
"Blanchard, OK",3/7/12,Adult,2012
"Nichols Hills, OK",3/7/12,Adult,2012
"Ponca City, OK",3/7/12,Adult,2012
"Wellston, OK",3/7/12,Adult,2012
"Enid, OK",3/7/12,Adult,2012
"Elk City, OK",3/6/12,Adult,2012
"Piedmont, OK",3/6/12,Adult,2012
"MUSKOGEE, OK",3/6/12,Adult,2012
"Marlow, OK",3/5/12,Adult,2012
"Checotah, OK",3/4/12,Adult,2012
"Tuttle, OK",3/4/12,Adult,2012
"Lawton, OK",3/4/12,Adult,2012
"Bennington, OK",3/4/12,Adult,2012
"Nichols Hills, OK",3/3/12,Adult,2012
"Enid, OK",3/3/12,Adult,2012
"Lawton, OK",3/3/12,Adult,2012
"Ponca City , OK",3/3/12,Adult,2012
"Edmond, OK",3/3/12,Adult,2012
"Idabel, OK",3/2/12,Adult,2012
"Tonkawa, OK",3/2/12,Adult,2012
"Shawnee, OK",3/1/12,Adult,2012
"Claremore, OK",3/1/12,Adult,2012
"Tuttle, OK",3/1/12,Adult,2012
"enid ok, OK",2/29/12,Adult,2012
"Edmond, OK",2/29/12,Adult,2012
"Tulsa , OK",2/29/12,Adult,2012
"Enid, OK",2/29/12,Adult,2012
"Oologah, OK",2/29/12,Adult,2012
"Stillwater, OK",2/27/12,Adult,2012
"Broken Arrow, OK",2/26/12,Adult,2012
"Guthrie, OK",2/26/12,Adult,2012
"Waukomis, OK",2/26/12,Adult,2012
"Waukomis, OK",2/26/12,Adult,2012
"Duncan, OK",2/25/12,Adult,2012
"Oklahoma City, OK",2/25/12,Adult,2012
"Cushing, OK",2/25/12,Adult,2012
"Bokoshe, OK",2/24/12,Adult,2012
"marietta, OK",2/23/12,Adult,2012
"Hobart, OK",2/21/12,Adult,2012
"Lindsay, OK",2/21/12,Adult,2012
"coleman, OK",2/21/12,Adult,2012
"Duncan, OK",2/20/12,Adult,2012
"Haworth, OK",2/20/12,Adult,2012
"Lawton, OK",2/20/12,Adult,2012
"Lawton, OK",2/20/12,Adult,2012
"Durant, OK",2/17/12,Adult,2012
"Ardmore, OK",2/16/12,Adult,2012
"Enid, OK",5/14/12,Subadult,2012
"Choctaw, OK",5/5/12,Subadult,2012
"Lawton, OK",4/28/12,Subadult,2012
"Edmond, OK",4/27/12,Subadult,2012
"Coweta, OK",4/4/12,Subadult,2012
"Choctaw, OK",4/3/12,Subadult,2012
"GROVE, OK",4/19/11,Adult,2011
"Oklahoma City, OK",4/11/11,Adult,2011
"Meeker, OK",4/11/11,Adult,2011
"Milburn, OK",3/31/11,Adult,2011
"Tulsa, OK",3/25/11,Adult,2011
"oklahoma city, OK",3/23/11,Adult,2011
"Bixby, OK",3/22/11,Adult,2011
"Owasso, OK",3/22/11,Adult,2011
"south coffeyville, OK",3/22/11,Adult,2011
"NORMAN, OK",3/20/11,Adult,2011
"Norman, OK",3/19/11,Adult,2011
"Claremore, OK",3/19/11,Adult,2011
"Edmond, OK",3/19/11,Adult,2011
"Tuttle, OK",3/19/11,Adult,2011
"Nowata, OK",3/19/11,Adult,2011
"Mannford, OK",3/18/11,Adult,2011
"Barnsdall, OK",3/17/11,Adult,2011
"Coweta, OK",3/17/11,Adult,2011
"Union city, OK",3/16/11,Adult,2011
"Tuttle, OK",3/16/11,Adult,2011
"Bartlesville, OK",3/16/11,Adult,2011
"Idabel, OK",3/14/11,Adult,2011
"Vici, OK",3/13/11,Adult,2011
"Bartlesville, OK",3/13/11,Adult,2011
"Choctaw, OK",3/12/11,Adult,2011
"Shady Point, OK",3/12/11,Adult,2011
"Checotah, OK",3/12/11,Adult,2011
"Choctaw, OK",3/12/11,Adult,2011
"Poteau, OK",3/12/11,Adult,2011
"Broken Arrow, OK",3/11/11,Adult,2011
"Tulsa, OK",3/11/11,Adult,2011
"Jay, OK",3/11/11,Adult,2011
"Burbank, OK",3/11/11,Adult,2011
"Collinsville, OK",3/11/11,Adult,2011
"Tuttle, OK",3/11/11,Adult,2011
"TULSA, OK",3/11/11,Adult,2011
"elk city, OK",3/10/11,Adult,2011
"Perkins, OK",3/10/11,Adult,2011
"Tinker AFB, OK",3/10/11,Adult,2011
"Tulsa, OK",3/10/11,Adult,2011
"Bartlesville, OK",3/10/11,Adult,2011
"Enid, OK",3/7/11,Adult,2011
"Duncan, OK",3/7/11,Adult,2011
"Choctaw, OK",3/6/11,Adult,2011
"Stillwater, OK",3/6/11,Adult,2011
"vici, OK",3/5/11,Adult,2011
"Claremore, OK",3/5/11,Adult,2011
"Shawnee, OK",3/4/11,Adult,2011
"claremore, OK",3/4/11,Adult,2011
"Muskogee, OK",3/3/11,Adult,2011
"Waukomis, OK",3/3/11,Adult,2011
"Enid, OK",3/3/11,Adult,2011
"COLONY, OK",3/2/11,Adult,2011
"Piedmont, OK",3/2/11,Adult,2011
"Poteau, OK",3/2/11,Adult,2011
"Ketchum, OK",3/2/11,Adult,2011
"Owasso, OK",3/2/11,Adult,2011
"Claremore, OK",3/2/11,Adult,2011
"Ponca City , OK",3/2/11,Adult,2011
"Owasso, OK",3/1/11,Adult,2011
"Ponca City, OK",3/1/11,Adult,2011
"Bennington, OK",3/1/11,Adult,2011
"Coleman, OK",3/1/11,Adult,2011
"Woodward, OK",2/28/11,Adult,2011
"Nowata, OK",2/28/11,Adult,2011
"Edmond, OK",2/27/11,Adult,2011
"Waukomis, OK",2/27/11,Adult,2011
"Tonkawa, OK",2/27/11,Adult,2011
"Oologah, OK",2/27/11,Adult,2011
"Enid, OK",2/27/11,Adult,2011
"Duncan, OK",2/27/11,Adult,2011
"Cushing, OK",2/26/11,Adult,2011
"Guthrie, OK",2/26/11,Adult,2011
"Oklahoma City, OK",2/26/11,Adult,2011
"Coalgate, OK",2/26/11,Adult,2011
"Mareitta, OK",2/26/11,Adult,2011
"lawton, OK",2/24/11,Adult,2011
"TUTTLE, OK",2/22/11,Adult,2011
"Marietta, OK",2/22/11,Adult,2011
"Hobart, OK",2/21/11,Adult,2011
"Durant, OK",2/20/11,Adult,2011
"Lawton, OK",2/20/11,Adult,2011
"Ardmore, OK",2/20/11,Adult,2011
"Bokoshe, OK",2/20/11,Adult,2011
"Lindsay, OK",2/20/11,Adult,2011
"Tulsa, OK",2/19/11,Adult,2011
"PURCELL, OK",2/19/11,Adult,2011
"Haworth, OK",2/18/11,Adult,2011
"Clarita, OK",2/15/11,Adult,2011
"Enid, OK",5/8/11,Subadult,2011
"Choctaw, OK",5/5/11,Subadult,2011
"Waukomis, OK",5/1/11,Subadult,2011
"Lawton, OK",4/21/11,Subadult,2011
"Edmond, OK",4/19/11,Subadult,2011
"Oklahoma City, OK",4/9/11,Subadult,2011
"near Ketchum OK on Grand Lake, OK",4/18/10,Adult,2010
"South Coffeyville, OK",4/12/10,Adult,2010
"Tulsa, OK",4/6/10,Adult,2010
"claremore, OK",4/5/10,Adult,2010
"Grove, OK",4/4/10,Adult,2010
"Oklahoma City, OK",4/4/10,Adult,2010
"Shawnee, OK",4/3/10,Adult,2010
"McAlester, OK",4/3/10,Adult,2010
"Broken Arrow, OK",4/3/10,Adult,2010
"tuttle, OK",4/1/10,Adult,2010
"Tulsa, OK",4/1/10,Adult,2010
"Jay, OK",4/1/10,Adult,2010
"Broken Arrow, OK",3/31/10,Adult,2010
"Custer City, OK",3/31/10,Adult,2010
"Claremore, OK",3/31/10,Adult,2010
"Bixby, OK",3/31/10,Adult,2010
"Oklahoma City, OK",3/29/10,Adult,2010
"Spavinaw, OK",3/29/10,Adult,2010
"Piedmont, OK",3/29/10,Adult,2010
"Ringwood, OK",3/29/10,Adult,2010
"Norman, OK",3/27/10,Adult,2010
"Shady Point, OK",3/26/10,Adult,2010
"Muskogee , OK",3/26/10,Adult,2010
"Tuttle, OK",3/25/10,Adult,2010
"Burbank, OK",3/24/10,Adult,2010
"Ponca City, OK",3/22/10,Adult,2010
"Perry, OK",3/21/10,Adult,2010
"Thomas, OK",3/21/10,Adult,2010
"Lawton, OK",3/20/10,Adult,2010
"Bartlesville, OK",3/19/10,Adult,2010
"Laverne, OK",3/19/10,Adult,2010
"Nowata, OK",3/19/10,Adult,2010
"Tulsa, OK",3/19/10,Adult,2010
"Enid, OK",3/19/10,Adult,2010
"Jenks , OK",3/19/10,Adult,2010
"collinsville, OK",3/19/10,Adult,2010
"Ponca City, OK",3/18/10,Adult,2010
"Coweta, OK",3/18/10,Adult,2010
"elk City, OK",3/18/10,Adult,2010
"Piedmont, OK",3/18/10,Adult,2010
"Edmond, OK",3/18/10,Adult,2010
"Tuttle, OK",3/18/10,Adult,2010
"Checotah, OK",3/18/10,Adult,2010
"Norman, OK",3/18/10,Adult,2010
"Shawnee, OK",3/18/10,Adult,2010
"Claremore, OK",3/18/10,Adult,2010
"Claremore, OK",3/18/10,Adult,2010
"Perkins, OK",3/18/10,Adult,2010
"North Enid, OK",3/18/10,Adult,2010
"Enid, OK",3/18/10,Adult,2010
"Marietta, OK",3/18/10,Adult,2010
"Choctaw, OK",3/17/10,Adult,2010
"Porter, OK",3/17/10,Adult,2010
"Tecumseh, OK",3/17/10,Adult,2010
"Choctaw, OK",3/17/10,Adult,2010
"Edmond, OK",3/17/10,Adult,2010
"Coleman, OK",3/16/10,Adult,2010
"Edmond, OK",3/16/10,Adult,2010
"Bartlesville, OK",3/16/10,Adult,2010
"Choctaw, OK",3/16/10,Adult,2010
"Tulsa, OK",3/16/10,Adult,2010
"Bennington, OK",3/16/10,Adult,2010
"ketchum okla, OK",3/15/10,Adult,2010
"Shawnee, OK",3/15/10,Adult,2010
"Owasso, OK",3/15/10,Adult,2010
"Okarche, OK",3/15/10,Adult,2010
"Collinsville, OK",3/15/10,Adult,2010
"Vici, OK",3/14/10,Adult,2010
"Oklahoma City, OK",3/14/10,Adult,2010
"Tonkawa, OK",3/14/10,Adult,2010
"Oologah, OK",3/14/10,Adult,2010
"waukomis, OK",3/12/10,Adult,2010
"Ponca City, OK",3/12/10,Adult,2010
"Oklahoma City, OK",3/12/10,Adult,2010
"Cushing, OK",3/11/10,Adult,2010
"Duncan, OK",3/11/10,Adult,2010
"Nowata, OK",3/11/10,Adult,2010
"Duncan, OK",3/11/10,Adult,2010
"Tulsa, OK",3/10/10,Adult,2010
"Lawton, OK",3/10/10,Adult,2010
"Wellston, OK",3/10/10,Adult,2010
"Phillips, OK",3/10/10,Adult,2010
"haworth, OK",3/9/10,Adult,2010
"Lindsay, OK",3/9/10,Adult,2010
"Marietta, OK",3/9/10,Adult,2010
"Muskogee, OK",3/7/10,Adult,2010
"Oklahoma City, OK",3/7/10,Adult,2010
"Tulsa, OK",3/7/10,Adult,2010
"Durant, OK",3/5/10,Adult,2010
"Hobart, OK",3/5/10,Adult,2010
"Hollis, OK",3/5/10,Adult,2010
"Duncan Lake, OK",3/4/10,Adult,2010
"Comanche, OK",3/4/10,Adult,2010
"Haworth, OK",3/4/10,Adult,2010
"Ardmore, OK",3/4/10,Adult,2010
"Lawton, OK",3/4/10,Adult,2010
"Lawton, OK",3/3/10,Adult,2010
"Bokoshe, OK",3/2/10,Adult,2010
"Blanchard, OK",2/28/10,Adult,2010
"Ringwood, OK",5/18/10,Subadult,2010
"near Ketchum OK on Grand Lake, OK",5/15/10,Subadult,2010
"Choctaw, OK",5/3/10,Subadult,2010
"Choctaw, OK",5/3/10,Subadult,2010
"Claremore, OK",5/2/10,Subadult,2010
"Tonkawa, OK",5/1/10,Subadult,2010
"Tulsa, OK",4/26/10,Subadult,2010
"Edmond, OK",4/25/10,Subadult,2010
"Choctaw, OK",4/9/10,Subadult,2010
"Checotah, OK",4/6/10,Subadult,2010
"Fillmore, OK",4/2/10,Subadult,2010
"Ardmore, OK",5/17/09,Adult,2009
"aRDMORE, OK",5/15/09,Adult,2009
"Ketchum, OK",4/12/09,Adult,2009
"Oklahoma City, OK",4/6/09,Adult,2009
"Sand Springs, OK",4/3/09,Adult,2009
"Claremore, OK",4/3/09,Adult,2009
"Tulsa, OK",3/31/09,Adult,2009
"Mannford, OK",3/24/09,Adult,2009
"Choctaw, OK",3/22/09,Adult,2009
"Bartlesville, OK",3/22/09,Adult,2009
"Shawnee, OK",3/21/09,Adult,2009
"tulsa, OK",3/21/09,Adult,2009
"Yukon , OK",3/21/09,Adult,2009
"Moore, OK",3/21/09,Adult,2009
"Claremore, OK",3/21/09,Adult,2009
"Blanchard, OK",3/21/09,Adult,2009
"Edmond, OK",3/21/09,Adult,2009
"Spiro, OK",3/20/09,Adult,2009
"Enid, OK",3/20/09,Adult,2009
"collinsville, OK",3/19/09,Adult,2009
"Bennington, OK",3/19/09,Adult,2009
"Tulsa, OK",3/19/09,Adult,2009
"Bixby, OK",3/18/09,Adult,2009
"Broken Arrow, OK",3/18/09,Adult,2009
"ketchum, OK",3/18/09,Adult,2009
"Tulsa, OK",3/18/09,Adult,2009
"Spavinaw, OK",3/17/09,Adult,2009
"Tulsa, OK",3/17/09,Adult,2009
"Owasso, OK",3/16/09,Adult,2009
"Waukomis, OK",3/15/09,Adult,2009
"Bartlesville, OK",3/15/09,Adult,2009
"North Enid, OK",3/15/09,Adult,2009
"Piedmont, OK",3/14/09,Adult,2009
"Corn, OK",3/14/09,Adult,2009
"Shawnee, OK",3/12/09,Adult,2009
"Claremore, OK",3/11/09,Adult,2009
"Idabel OK, OK",3/11/09,Adult,2009
"Enid, OK",3/9/09,Adult,2009
"Oklahoma City, OK",3/9/09,Adult,2009
"Edmond, OK",3/9/09,Adult,2009
"Tulsa, OK",3/8/09,Adult,2009
"Checotah, OK",3/8/09,Adult,2009
"TULSA, OK",3/8/09,Adult,2009
"Bartlesville, OK",3/8/09,Adult,2009
"Tuttle, OK",3/8/09,Adult,2009
"Edmond, OK",3/7/09,Adult,2009
"Piedmont, OK",3/7/09,Adult,2009
"Broken Arrow, OK",3/7/09,Adult,2009
"CUSHING, OK",3/7/09,Adult,2009
"Collinsville, OK",3/6/09,Adult,2009
"Webbers Falls, OK",3/6/09,Adult,2009
"El Reno , OK",3/6/09,Adult,2009
"Ryan, OK",3/6/09,Adult,2009
"Tonkawa, OK",3/6/09,Adult,2009
"Oologah, OK",3/6/09,Adult,2009
"Tecumseh, OK",3/5/09,Adult,2009
"Glencoe, OK",3/4/09,Adult,2009
"Shawnee, OK",3/4/09,Adult,2009
"Edmond, OK",3/4/09,Adult,2009
"Tulsa, OK",3/4/09,Adult,2009
"Meeker, OK",3/4/09,Adult,2009
"Lindsay, OK",3/3/09,Adult,2009
"Ratliff City, OK",3/3/09,Adult,2009
"McAlester, OK",2/28/09,Adult,2009
"WOODWARD, OK",2/28/09,Adult,2009
"Lexington, OK",2/28/09,Adult,2009
"Comanche, OK",2/26/09,Adult,2009
"Nowata, OK",2/26/09,Adult,2009
"Enid, OK",2/26/09,Adult,2009
"Hollis, OK",2/26/09,Adult,2009
"Duncan, OK",2/25/09,Adult,2009
"Muskogee, OK",2/24/09,Adult,2009
"SHAWNEE, OK",2/24/09,Adult,2009
"Ponca City, OK",2/24/09,Adult,2009
"Bokoshe, OK",2/24/09,Adult,2009
"Norman, OK",2/23/09,Adult,2009
"Marietta, OK",2/23/09,Adult,2009
"Bokoshe, OK",2/22/09,Adult,2009
"Oklahoma City, OK",2/21/09,Adult,2009
"Owasso, OK",2/21/09,Adult,2009
"Lindsay, OK",2/21/09,Adult,2009
"Duncan , OK",2/20/09,Adult,2009
"Choctaw, OK",2/20/09,Adult,2009
"LAWTON, OK",2/19/09,Adult,2009
"Durant, OK",2/18/09,Adult,2009
"Ardmore, OK",2/18/09,Adult,2009
"Blanchard, OK",2/17/09,Adult,2009
"Duncan, OK",2/16/09,Adult,2009
"Meers, OK",2/16/09,Adult,2009
"Hobart, OK",2/11/09,Adult,2009
"Lawton, OK",2/8/09,Adult,2009
"Walters, OK",2/7/09,Adult,2009
"Owasso, OK",2/6/09,Adult,2009
"Ardmore, OK",5/20/09,Subadult,2009
"Claremore, OK",5/6/09,Subadult,2009
"south coffeyville, OK",5/1/09,Subadult,2009
"Tulsa, OK",4/24/09,Subadult,2009
"Tulsa, OK",4/23/09,Subadult,2009
"Tulsa, OK",4/22/09,Subadult,2009
"Checotah, OK",4/21/09,Subadult,2009
"Edmond, OK",4/19/09,Subadult,2009
"Mannford, OK",4/15/09,Subadult,2009
"Lawton, OK",4/11/09,Subadult,2009
"Choctaw, OK",4/9/09,Subadult,2009
"Blanchard, OK",4/1/09,Subadult,2009
"Enid, OK",4/18/08,Adult,2008
"South Coffeyville, OK",4/15/08,Adult,2008
"tuttle, OK",3/30/08,Adult,2008
"Ryan, OK",3/27/08,Adult,2008
"Mannford, OK",3/26/08,Adult,2008
"Checotah, OK",3/26/08,Adult,2008
"Piedmont, OK",3/25/08,Adult,2008
"Tulsa, OK",3/23/08,Adult,2008
"Tuttle, OK",3/23/08,Adult,2008
"Oklahoma City, OK",3/22/08,Adult,2008
"Tulsa, OK",3/21/08,Adult,2008
"Broken Arrow, OK",3/21/08,Adult,2008
"Broken Arrow, OK",3/21/08,Adult,2008
"Ketchum, OK",3/20/08,Adult,2008
"North Enid, OK",3/20/08,Adult,2008
"Tulsa, OK",3/20/08,Adult,2008
"Oklahoma City, OK",3/19/08,Adult,2008
"Checotah, OK",3/17/08,Adult,2008
"Soper, OK",3/17/08,Adult,2008
"Tulsa, OK",3/16/08,Adult,2008
"Okla. City, OK",3/16/08,Adult,2008
"Wetumka, OK",3/16/08,Adult,2008
"Choctaw, OK",3/15/08,Adult,2008
"McAlester, OK",3/15/08,Adult,2008
"Broken Bow, OK",3/15/08,Adult,2008
"Calvin, OK",3/15/08,Adult,2008
"Edmond, OK",3/15/08,Adult,2008
"Tulsa, OK",3/14/08,Adult,2008
"Stomewall, OK",3/14/08,Adult,2008
"Enid, OK",3/13/08,Adult,2008
"Spiro, OK",3/13/08,Adult,2008
"Hennessey, OK",3/13/08,Adult,2008
"Lawton, OK",3/13/08,Adult,2008
"Stonewall, OK",3/13/08,Adult,2008
"Bartlesville, OK",3/12/08,Adult,2008
"Claremore, OK",3/12/08,Adult,2008
"Woodward, OK",3/10/08,Adult,2008
"bartlesville, OK",3/10/08,Adult,2008
"HOLLIS, OK",3/7/08,Adult,2008
"Prague, OK",3/5/08,Adult,2008
"Tonkawa, OK",3/4/08,Adult,2008
"Drumright, OK",3/2/08,Adult,2008
"claremore, OK",3/2/08,Adult,2008
"Waukomis, OK",3/2/08,Adult,2008
"Coleman, OK",3/2/08,Adult,2008
"Oklahoma City, OK",3/1/08,Adult,2008
"Perry, OK",3/1/08,Adult,2008
"Collinsville, OK",2/29/08,Adult,2008
"Shawnee, OK",2/29/08,Adult,2008
"Comanche, OK",2/29/08,Adult,2008
"Choctaw OK, OK",2/29/08,Adult,2008
"Edmond, OK",2/29/08,Adult,2008
"Edmond, OK",2/29/08,Adult,2008
"Oologah, OK",2/29/08,Adult,2008
"Bokoshe, OK",2/28/08,Adult,2008
"jenks, OK",2/28/08,Adult,2008
"Piedmont, OK",2/27/08,Adult,2008
"Wellston, OK",2/27/08,Adult,2008
"Owasso, OK",2/27/08,Adult,2008
"Nowata, OK",2/26/08,Adult,2008
"Blanchard, OK",2/25/08,Adult,2008
"Tulsa, OK",2/25/08,Adult,2008
"Panama, OK",2/25/08,Adult,2008
"Comanche, OK",2/24/08,Adult,2008
"Lexington, OK",2/24/08,Adult,2008
"Webbers Falls, OK",2/24/08,Adult,2008
"Duncan, OK",2/24/08,Adult,2008
"Norman, OK",2/24/08,Adult,2008
"Duncan, OK",2/24/08,Adult,2008
"Broken Arrow, OK",2/24/08,Adult,2008
"Claremore, OK",2/23/08,Adult,2008
"Durant, OK",2/20/08,Adult,2008
"Ponca City, OK",2/20/08,Adult,2008
"Duncan, OK",2/20/08,Adult,2008
"FORT GIBSON, OK",2/20/08,Adult,2008
"Marietta, OK",2/20/08,Adult,2008
"Ardmore, OK",2/19/08,Adult,2008
"Owasso, OK",2/19/08,Adult,2008
"Bokoshe, OK",2/19/08,Adult,2008
"Shawnee, OK",2/19/08,Adult,2008
"Lawton, OK",2/19/08,Adult,2008
"Meers, OK",2/18/08,Adult,2008
"Walters, OK",2/18/08,Adult,2008
"Tecumseh, OK",2/15/08,Adult,2008
"Hobart, OK",2/11/08,Adult,2008
"Lawton, OK",2/10/08,Adult,2008
"Broken Arrow, OK",5/25/08,Subadult,2008
"Tonkawa, OK",5/6/08,Subadult,2008
"Tulsa, OK",4/29/08,Subadult,2008
"Claremore, OK",4/27/08,Subadult,2008
"Checotah, OK",4/26/08,Subadult,2008
"Edmond, OK",4/23/08,Subadult,2008
"Lawton, OK",4/19/08,Subadult,2008
"Choctaw, OK",4/15/08,Subadult,2008
"Bokoshe, OK",4/12/08,Subadult,2008
"Edmond, OK",4/5/08,Subadult,2008
"Waukomis, OK",3/18/08,Subadult,2008
"Blanchard, OK",3/16/08,Subadult,2008
"Ft. Gibson, OK",4/28/07,Adult,2007
"Okarche, OK",4/18/07,Adult,2007
"ardmore, OK",3/28/07,Adult,2007
"ketchum, OK",3/27/07,Adult,2007
"Enid, OK",3/25/07,Adult,2007
"Stidham, OK",3/22/07,Adult,2007
"Talala, OK",3/21/07,Adult,2007
"Tecumseh, OK",3/21/07,Adult,2007
"Bartlesville, OK",3/21/07,Adult,2007
"Edmond, OK",3/20/07,Adult,2007
"Moore, OK",3/20/07,Adult,2007
"Broken Arrow, OK",3/20/07,Adult,2007
"SO. COFFEYVILLE, OK",3/20/07,Adult,2007
"Tuttle, OK",3/17/07,Adult,2007
"Miami, OK",3/17/07,Adult,2007
"Miami, OK",3/17/07,Adult,2007
"Tulsa, OK",3/15/07,Adult,2007
"Tulsa, OK",3/14/07,Adult,2007
"Oklahoma City, OK",3/14/07,Adult,2007
"Broken Arrow, OK",3/13/07,Adult,2007
"Bartlesville, OK",3/12/07,Adult,2007
"Carnegie, OK",3/11/07,Adult,2007
"Enid, OK",3/10/07,Adult,2007
"HENNESSEY, OK",3/10/07,Adult,2007
"Tulsa, OK",3/9/07,Adult,2007
"Collinsville, OK",3/9/07,Adult,2007
"Lawton, OK",3/9/07,Adult,2007
"Foss, OK",3/9/07,Adult,2007
"Commerce, OK",3/9/07,Adult,2007
"Mannford, OK",3/8/07,Adult,2007
"Drumright, OK",3/8/07,Adult,2007
"Claremore, OK",3/8/07,Adult,2007
"Jenks, OK",3/8/07,Adult,2007
"Norman, OK",3/8/07,Adult,2007
"tulsa, OK",3/7/07,Adult,2007
"Poteau, OK",3/6/07,Adult,2007
"Tonkawa, OK",3/6/07,Adult,2007
"Midwest City, OK",3/5/07,Adult,2007
"Webbers Falls, OK",3/5/07,Adult,2007
"Owasso, OK",3/4/07,Adult,2007
"Mounds, OK",3/4/07,Adult,2007
"Choctaw, OK",3/4/07,Adult,2007
"Shawnee, OK",3/3/07,Adult,2007
"Waukomis, OK",3/3/07,Adult,2007
"McAlester, OK",3/3/07,Adult,2007
"Oklahoma City, OK",3/3/07,Adult,2007
"Elk City, OK",3/3/07,Adult,2007
"Piedmont, OK",3/2/07,Adult,2007
"Muskogee, OK",3/2/07,Adult,2007
"Owasso, OK",3/2/07,Adult,2007
"Edmond, OK",3/2/07,Adult,2007
"drumright, OK",3/2/07,Adult,2007
"Okmulgee, OK",3/2/07,Adult,2007
"Lawton, OK",3/1/07,Adult,2007
"Bristow, OK",3/1/07,Adult,2007
"Oklahoma City, OK",2/28/07,Adult,2007
"Norman, OK",2/28/07,Adult,2007
"Valliant, OK",2/28/07,Adult,2007
"Tulsa, OK",2/27/07,Adult,2007
"Tulsa, OK",2/27/07,Adult,2007
"Hollis, OK",2/27/07,Adult,2007
"Shawnee, OK",2/27/07,Adult,2007
"Oologah, OK",2/27/07,Adult,2007
"PONCA CITY, OK",2/27/07,Adult,2007
"PERKINS, OK",2/27/07,Adult,2007
"Lexington, OK",2/26/07,Adult,2007
"Duncan, OK",2/26/07,Adult,2007
"Marietta, OK",2/26/07,Adult,2007
"Lawton, OK",2/26/07,Adult,2007
"WOODWARD, OK",2/26/07,Adult,2007
"Claremore, OK",2/26/07,Adult,2007
"Meers, OK",2/26/07,Adult,2007
"Bixby, OK",2/26/07,Adult,2007
"Duncan, OK",2/25/07,Adult,2007
"Nowata, OK",2/25/07,Adult,2007
"Oklahoma City, OK",2/25/07,Adult,2007
"Ponca City, OK",2/24/07,Adult,2007
"Choctaw, OK",2/24/07,Adult,2007
"Comanche, OK",2/23/07,Adult,2007
"Duncan, OK",2/23/07,Adult,2007
"Bokoshe, OK",2/22/07,Adult,2007
"Durant, OK",2/21/07,Adult,2007
"Owasso, OK",2/21/07,Adult,2007
"Lawton, OK",2/21/07,Adult,2007
"El Reno, OK",2/21/07,Adult,2007
"Hobart, OK",2/20/07,Adult,2007
"Ardmore, OK",2/19/07,Adult,2007
"depew, OK",2/10/07,Adult,2007
"Ft. Gibson, OK",5/9/07,Subadult,2007
"Claremore, OK",5/5/07,Subadult,2007
"Miami, OK",5/5/07,Subadult,2007
"Tonkawa, OK",5/1/07,Subadult,2007
"Choctaw, OK",4/22/07,Subadult,2007
"Lawton, OK",4/21/07,Subadult,2007
"Edmond, OK",4/19/07,Subadult,2007
"Hollis, OK",4/15/07,Subadult,2007
"Guthrie, OK",4/15/07,Subadult,2007
"Comanche, OK",4/1/07,Subadult,2007
"Enid, OK",4/1/07,Subadult,2007
"Union City, OK",3/29/07,Subadult,2007
"depew, OK",3/1/07,Subadult,2007
"Mannford, OK",4/6/06,Adult,2006
"Barnsdall, OK",4/5/06,Adult,2006
"Tulsa, OK",3/29/06,Adult,2006
"Tulsa, OK",3/26/06,Adult,2006
"Bartlesville, OK",3/10/06,Adult,2006
"Tonkawa, OK",3/8/06,Adult,2006
"ketchum, OK",3/7/06,Adult,2006
"Bartlesville, OK",3/7/06,Adult,2006
"Okla. City, OK",3/7/06,Adult,2006
"jenks, OK",3/7/06,Adult,2006
"Claremore, OK",3/7/06,Adult,2006
"Midwest City, OK",3/7/06,Adult,2006
"Drumright, OK",3/6/06,Adult,2006
"Choctaw, OK",3/5/06,Adult,2006
"Moore, OK",3/5/06,Adult,2006
"Meeker, OK",3/5/06,Adult,2006
"LAWTON, OK",3/5/06,Adult,2006
"Edmond, OK",3/5/06,Adult,2006
"Ponca City, OK",3/5/06,Adult,2006
"EL RENO, OK",3/4/06,Adult,2006
"OKLAHOMA CITY, OK",3/4/06,Adult,2006
"Ponca City, OK",3/4/06,Adult,2006
"broken bow, OK",3/3/06,Adult,2006
"MEAD, OK",3/3/06,Adult,2006
"Choctaw, OK",3/3/06,Adult,2006
"Allen, OK",3/3/06,Adult,2006
"Blanchard, OK",3/3/06,Adult,2006
"PONCA CITY, OK",3/3/06,Adult,2006
"Mead, OK",3/3/06,Adult,2006
"Tuttle, OK",3/3/06,Adult,2006
"Piedmont, OK",3/2/06,Adult,2006
"Oklahoma City, OK",3/2/06,Adult,2006
"Prague, OK",3/2/06,Adult,2006
"McAlester, OK",3/2/06,Adult,2006
"Stillwater, OK",3/1/06,Adult,2006
"Hennessey, OK",3/1/06,Adult,2006
"Miami, OK",3/1/06,Adult,2006
"Duncan, OK",2/28/06,Adult,2006
"Tecumseh, OK",2/28/06,Adult,2006
"Comanche, OK",2/28/06,Adult,2006
"Enid, OK",2/28/06,Adult,2006
"Hobart, OK",2/27/06,Adult,2006
"Owasso, OK",2/27/06,Adult,2006
"Ponca City, OK",2/27/06,Adult,2006
"Tulsa, OK",2/27/06,Adult,2006
"Lexi ngto n, OK",2/26/06,Adult,2006
"Lawton, OK",2/26/06,Adult,2006
"Foss, OK",2/26/06,Adult,2006
"Ponca City, OK",2/26/06,Adult,2006
"Owasso, OK",2/25/06,Adult,2006
"drumright, OK",2/25/06,Adult,2006
"Bokoshe, OK",2/25/06,Adult,2006
"Owasso, OK",2/25/06,Adult,2006
"Perkins, OK",2/25/06,Adult,2006
"Lawton, OK",2/25/06,Adult,2006
"Collinsville, OK",2/25/06,Adult,2006
"Shawnee, OK",2/24/06,Adult,2006
"Ardmore, OK",2/24/06,Adult,2006
"Lawton, OK",2/24/06,Adult,2006
"Norman, OK",2/24/06,Adult,2006
"Duncan , OK",2/24/06,Adult,2006
"Woodward, OK",2/24/06,Adult,2006
"Walters, OK",2/24/06,Adult,2006
"Woodward, OK",2/24/06,Adult,2006
"Duncan, OK",2/15/06,Adult,2006
"Nowata, OK",2/15/06,Adult,2006
"Durant, OK",2/7/06,Adult,2006
"Wilburton, OK",2/6/06,Adult,2006
"TERLTON, OK",5/20/06,Subadult,2006
"Choctaw, OK",4/24/06,Subadult,2006
"Tulsa, OK",4/23/06,Subadult,2006
"Mannford, OK",4/23/06,Subadult,2006
"tonkawa, OK",4/22/06,Subadult,2006
"Lawton, OK",4/21/06,Subadult,2006
"Midwest City, OK",4/20/06,Subadult,2006
"Tulsa, OK",4/20/06,Subadult,2006
"Claremore, OK",4/17/06,Subadult,2006
"Edmond, OK",4/17/06,Subadult,2006
"Blanchard, OK",4/4/06,Subadult,2006
"Foss, OK",3/31/06,Subadult,2006
"Moore, OK",3/30/06,Subadult,2006
"Lawton, OK",3/23/06,Subadult,2006
"Comanche, OK",3/5/06,Subadult,2006
"Choctaw, OK",4/24/05,Adult,2005
"Stidham, OK",4/16/05,Adult,2005
"Mustang, OK",4/15/05,Adult,2005
"Choctaw, OK",4/9/05,Adult,2005
"tulsa, OK",4/2/05,Adult,2005
"Stillwater, OK",3/30/05,Adult,2005
"Broken Arrow, OK",3/28/05,Adult,2005
"Tuttle, OK",3/25/05,Adult,2005
"Alva, OK",3/25/05,Adult,2005
"Enid, OK",3/24/05,Adult,2005
"Tulsa, OK",3/20/05,Adult,2005
"Lexington, OK",3/19/05,Adult,2005
"Choctaw, OK",3/19/05,Adult,2005
"okla. city, OK",3/19/05,Adult,2005
"COLEMAN, OK",3/18/05,Adult,2005
"Wagoner, OK",3/17/05,Adult,2005
"Mooreland, OK",3/17/05,Adult,2005
"wann, OK",3/16/05,Adult,2005
"tonkawa, OK",3/14/05,Adult,2005
"Shawnee, OK",3/13/05,Adult,2005
"Big Cabin, OK",3/13/05,Adult,2005
"Enid, OK",3/12/05,Adult,2005
"Choctaw, OK",3/12/05,Adult,2005
"Tulsa, OK",3/11/05,Adult,2005
"Mounds, OK",3/11/05,Adult,2005
"Stigler, OK",3/11/05,Adult,2005
"Duncan, OK",3/11/05,Adult,2005
"Ponca City, OK",3/11/05,Adult,2005
"Midwest City, OK",3/10/05,Adult,2005
"Claremore, OK",3/10/05,Adult,2005
"Tipton, OK",3/10/05,Adult,2005
"lebanon, OK",3/9/05,Adult,2005
"Tulsa, OK",3/8/05,Adult,2005
"Tulsa, OK",3/6/05,Adult,2005
"Fillmore, OK",3/6/05,Adult,2005
"Tulsa, OK",3/6/05,Adult,2005
"Holdenville, OK",3/6/05,Adult,2005
"Peidmont, OK",3/5/05,Adult,2005
"Bokoshe, OK",3/5/05,Adult,2005
"Tulsa, OK",3/5/05,Adult,2005
"Edmond, OK",3/4/05,Adult,2005
"Ponca City, OK",3/4/05,Adult,2005
"Drumright, OK",3/4/05,Adult,2005
"Owasso, OK",3/4/05,Adult,2005
"Ardmore, OK",3/2/05,Adult,2005
"Moore, OK",2/28/05,Adult,2005
"Bixby, OK",2/26/05,Adult,2005
"Collinsville, OK",2/25/05,Adult,2005
"Tulsa, OK",2/25/05,Adult,2005
"Ponca City, OK",2/25/05,Adult,2005
"Woodward, OK",2/25/05,Adult,2005
"jenks, OK",2/25/05,Adult,2005
"bartlesville, OK",2/25/05,Adult,2005
"OWASSO, OK",2/24/05,Adult,2005
"CHOCTAW, OK",2/22/05,Adult,2005
"Lawton, OK",2/22/05,Adult,2005
"FORT GIBSON, OK",2/22/05,Adult,2005
"Medicine Park, OK",2/22/05,Adult,2005
"Shawnee, OK",2/22/05,Adult,2005
"Hobart, OK",2/22/05,Adult,2005
"Tulsa, OK",2/22/05,Adult,2005
"Walters, OK",2/22/05,Adult,2005
"Lake Lawtonka, OK",2/22/05,Adult,2005
"Durant, OK",2/22/05,Adult,2005
"poteau, OK",2/22/05,Adult,2005
"Geronimo, OK",2/22/05,Adult,2005
"Mead, OK",2/21/05,Adult,2005
"Norman, OK",2/21/05,Adult,2005
"Comanche, OK",2/21/05,Adult,2005
"Owasso, OK",2/21/05,Adult,2005
"Mead, OK",2/20/05,Adult,2005
"Marietta, OK",2/20/05,Adult,2005
"WOODWARD, OK",2/20/05,Adult,2005
"Kingston, OK",2/18/05,Adult,2005
"Nowata, OK",2/14/05,Adult,2005
"Duncan, OK",2/14/05,Adult,2005
"kingston, OK",2/13/05,Adult,2005
"tulsa, OK",5/14/05,Subadult,2005
"Tonkawa, OK",5/8/05,Subadult,2005
"Midwest City, OK",4/24/05,Subadult,2005
"Edmond, OK",4/23/05,Subadult,2005
"Tuttle, OK",4/17/05,Subadult,2005
"Stidham, OK",4/16/05,Subadult,2005
"Choctaw, OK",4/15/05,Subadult,2005
"Blanchard, OK",4/14/05,Subadult,2005
"Claremore, OK",4/10/05,Subadult,2005
"Bokoshe, OK",4/5/05,Subadult,2005
"Tulsa, OK",3/31/05,Subadult,2005
"Tulsa, OK",3/31/05,Subadult,2005
"Comanche, OK",3/23/05,Subadult,2005
"lebanon, OK",3/20/05,Subadult,2005
"Coweta, OK",4/16/04,Adult,2004
"Union City, OK",3/25/04,Adult,2004
"Okmulgee, OK",3/23/04,Adult,2004
"Collinsville, OK",3/18/04,Adult,2004
"Choctaw, OK",3/15/04,Adult,2004
"Midwest City, OK",3/14/04,Adult,2004
"Ponca City, OK",3/13/04,Adult,2004
"Miami, OK",3/11/04,Adult,2004
"duncan, OK",3/10/04,Adult,2004
"Enid, OK",3/10/04,Adult,2004
"Tulsa, OK",3/8/04,Adult,2004
"Edmond, OK",3/8/04,Adult,2004
"wagoner, OK",3/8/04,Adult,2004
"Sallisaw, OK",3/7/04,Adult,2004
"Edmond, OK",3/7/04,Adult,2004
"Piedmont, OK",3/5/04,Adult,2004
"Hobart, OK",3/5/04,Adult,2004
"Ardmore, OK",3/5/04,Adult,2004
"McAlester, OK",3/5/04,Adult,2004
"Ardmore, OK",3/5/04,Adult,2004
"Bokoshe, OK",3/4/04,Adult,2004
"Tulsa, OK",3/4/04,Adult,2004
"Mead, OK",3/2/04,Adult,2004
"Edmond, OK",3/2/04,Adult,2004
"Stillwater, OK",3/2/04,Adult,2004
"Claremore, OK",3/2/04,Adult,2004
"Wapanucka, OK",3/2/04,Adult,2004
"Sapulpa, OK",3/2/04,Adult,2004
"Del City, OK",3/1/04,Adult,2004
"Bixby, OK",3/1/04,Adult,2004
"Maysville, OK",3/1/04,Adult,2004
"Lawton, OK",3/1/04,Adult,2004
"Muskogee, OK",2/29/04,Adult,2004
"Lawton, OK",2/29/04,Adult,2004
"Lawton, OK",2/29/04,Adult,2004
"Collinsville, OK",2/29/04,Adult,2004
"Ponca City, OK",2/28/04,Adult,2004
"Bixby, OK",2/28/04,Adult,2004
"oklahoma city, OK",2/28/04,Adult,2004
"Holdenville, OK",2/28/04,Adult,2004
"Duncan, OK",2/28/04,Adult,2004
"Owasso, OK",2/28/04,Adult,2004
"Wellston, OK",2/27/04,Adult,2004
"Norman, OK",2/27/04,Adult,2004
"Lawton, OK",2/27/04,Adult,2004
"Edmond, OK",2/27/04,Adult,2004
"Shawnee, OK",2/27/04,Adult,2004
"Oklahoma City, OK",2/26/04,Adult,2004
"Marietta, OK",2/26/04,Adult,2004
"Bartlesville, OK",2/22/04,Adult,2004
"Owasso, OK",2/22/04,Adult,2004
"Comanche, OK",2/22/04,Adult,2004
"Woodward, OK",2/22/04,Adult,2004
"Mounds, OK",2/21/04,Adult,2004
"Ardmore, OK",2/21/04,Adult,2004
"Blanchard, OK",2/21/04,Adult,2004
"Muldrow, OK",2/21/04,Adult,2004
"Medicine Park, OK",2/19/04,Adult,2004
"Walters, OK",2/19/04,Adult,2004
"Nowata, OK",2/19/04,Adult,2004
"Tulsa, OK",2/19/04,Adult,2004
"Madill, OK",2/18/04,Adult,2004
"Bartlesville, OK",5/5/04,Subadult,2004
"Eufaula, OK",5/5/04,Subadult,2004
"Mead, OK",4/18/04,Subadult,2004
"Tuttle , OK",4/17/04,Subadult,2004
"Collinsville, OK",4/16/04,Subadult,2004
"Durant, OK",4/16/04,Subadult,2004
"Lawton, OK",4/15/04,Subadult,2004
"Choctaw, OK",4/11/04,Subadult,2004
"Edmond, OK",4/10/04,Subadult,2004
"Norman, OK",4/9/04,Subadult,2004
"Midwest City, OK",4/2/04,Subadult,2004
"Holdenville, OK",3/23/04,Subadult,2004
"Ardmore, OK",3/23/04,Subadult,2004
"Choctaw, OK",3/18/04,Subadult,2004
"Blanchard, OK",3/8/04,Subadult,2004
"Bixby, OK",2/28/04,Subadult,2004
"Muldrow, OK",3/30/03,Adult,2003
"Collinsville, OK",3/14/03,Adult,2003
"Sperry, OK",3/13/03,Adult,2003
"Okmulgee, OK",3/13/03,Adult,2003
"Okmulgee, OK",3/13/03,Adult,2003
"Stillwater, OK",3/12/03,Adult,2003
"Bartlesville, OK",3/11/03,Adult,2003
"Alva, OK",3/11/03,Adult,2003
"Enid, OK",3/11/03,Adult,2003
"Ardmore, OK",3/11/03,Adult,2003
"Holdenville, OK",3/11/03,Adult,2003
"Broken Arrow, OK",3/10/03,Adult,2003
"Broken Arrow, OK",3/10/03,Adult,2003
"Shawnee, OK",3/10/03,Adult,2003
"Edmond, OK",3/10/03,Adult,2003
"Piedmont, OK",3/10/03,Adult,2003
"Stigler, OK",3/9/03,Adult,2003
"Stigler, OK",3/9/03,Adult,2003
"Ponca City, OK",3/9/03,Adult,2003
"Perry, OK",3/9/03,Adult,2003
"Choctaw, OK",3/9/03,Adult,2003
"Jay, OK",3/9/03,Adult,2003
"Bristow, OK",3/8/03,Adult,2003
"Comanche, OK",3/8/03,Adult,2003
"Hobart, OK",3/8/03,Adult,2003
"Wagoner, OK",3/8/03,Adult,2003
"Mead, OK",3/8/03,Adult,2003
"Welch, OK",3/8/03,Adult,2003
"McAlester, OK",3/8/03,Adult,2003
"Owasso, OK",3/8/03,Adult,2003
"Claremore, OK",3/8/03,Adult,2003
"Norman, OK",3/8/03,Adult,2003
"Marietta, OK",3/7/03,Adult,2003
"Oklahoma City, OK",3/7/03,Adult,2003
"Tulsa, OK",3/7/03,Adult,2003
"Medicine Park, OK",3/7/03,Adult,2003
"Mounds, OK",3/7/03,Adult,2003
"Durant, OK",3/6/03,Adult,2003
"Frederick, OK",3/6/03,Adult,2003
"Woodward, OK",3/3/03,Adult,2003
"Walters, OK",2/22/03,Adult,2003
"Duncan, OK",2/19/03,Adult,2003
"Nowata, OK",2/17/03,Adult,2003
"Lawton, OK",2/14/03,Adult,2003
"Collinsville, OK",4/26/03,Subadult,2003
"Mead, OK",4/25/03,Subadult,2003
"Durant, OK",4/24/03,Subadult,2003
"Holdenville, OK",4/19/03,Subadult,2003
"Tulsa, OK",4/19/03,Subadult,2003
"Mounds, OK",4/18/03,Subadult,2003
"Ada, OK",4/14/03,Subadult,2003
"Lawton, OK",4/13/03,Subadult,2003
"Woodward, OK",4/12/03,Subadult,2003
"Wagoner, OK",3/29/02,Adult,2002
"Cleveland, OK",3/23/02,Adult,2002
"Holdenville, OK",3/21/02,Adult,2002
"Muldrow, OK",3/20/02,Adult,2002
"Stillwater, OK",3/20/02,Adult,2002
"Enid, OK",3/19/02,Adult,2002
"Mead, OK",3/16/02,Adult,2002
"Okmulgee, OK",3/15/02,Adult,2002
"Bartlesville, OK",3/14/02,Adult,2002
"Collinsville, OK",3/14/02,Adult,2002
"Altus, OK",3/14/02,Adult,2002
"Lahoma, OK",3/14/02,Adult,2002
"Tonkawa, OK",3/14/02,Adult,2002
"Newalla, OK",3/13/02,Adult,2002
"Medicine Park, OK",3/13/02,Adult,2002
"Ponca City, OK",3/13/02,Adult,2002
"Piedmont, OK",3/13/02,Adult,2002
"Oklahoma City, OK",3/12/02,Adult,2002
"Tecumseh, OK",3/11/02,Adult,2002
"Edmond, OK",3/11/02,Adult,2002
"Glenpool, OK",3/10/02,Adult,2002
"Norman, OK",3/9/02,Adult,2002
"Marietta, OK",3/9/02,Adult,2002
"Welch, OK",3/8/02,Adult,2002
"Claremore, OK",3/7/02,Adult,2002
"Walters, OK",3/7/02,Adult,2002
"Choctaw, OK",3/6/02,Adult,2002
"Hartshorne, OK",3/4/02,Adult,2002
"hobart, OK",2/26/02,Adult,2002
"Beggs, OK",2/25/02,Adult,2002
"Stigler, OK",2/25/02,Adult,2002
"Overbrook, OK",2/24/02,Adult,2002
"Broken Arrow, OK",2/23/02,Adult,2002
"Owasso, OK",2/23/02,Adult,2002
"Durant, OK",2/22/02,Adult,2002
"Tulsa, OK",2/22/02,Adult,2002
"Ardmore, OK",2/21/02,Adult,2002
"Lawton, OK",2/21/02,Adult,2002
"Woodward, OK",2/17/02,Adult,2002
"Duncan, OK",2/17/02,Adult,2002
"Mounds, OK",4/21/02,Subadult,2002
"Tonkawa, OK",4/17/02,Subadult,2002
"Mead, OK",4/13/02,Subadult,2002
"Tulsa, OK",4/9/02,Subadult,2002
"Holdenville, OK",4/3/02,Subadult,2002
"Kaw City, OK",4/3/02,Subadult,2002
"hobart, OK",2/27/02,Subadult,2002
"Crescent, OK",4/1/01,Adult,2001
"Shawnee, OK",3/21/01,Adult,2001
"Norman, OK",3/10/01,Adult,2001
"Owasso, OK",3/10/01,Adult,2001
"Stillwater, OK",3/10/01,Adult,2001
"Jay, OK",3/10/01,Adult,2001
"Okmulgee, OK",3/10/01,Adult,2001
"Wellston, OK",3/9/01,Adult,2001
"Catoosa, OK",3/9/01,Adult,2001
"Stratford, OK",3/9/01,Adult,2001
"Broken Arrow, OK",3/9/01,Adult,2001
"McAlester, OK",3/9/01,Adult,2001
"Elk City, OK",3/9/01,Adult,2001
"Lahoma, OK",3/8/01,Adult,2001
"Newalla, OK",3/7/01,Adult,2001
"Claremore, OK",3/7/01,Adult,2001
"Piedmont, OK",3/7/01,Adult,2001
"Yukon, OK",3/7/01,Adult,2001
"Medicine Park, OK",3/6/01,Adult,2001
"Oklahoma City, OK",3/6/01,Adult,2001
"Fort Gibson, OK",3/5/01,Adult,2001
"Meeker, OK",3/5/01,Adult,2001
"Nowata, OK",3/2/01,Adult,2001
"Edmond, OK",2/26/01,Adult,2001
"Woodward, OK",2/26/01,Adult,2001
"Ponca City, OK",2/26/01,Adult,2001
"Duncan, OK",2/25/01,Adult,2001
"Tulsa, OK",2/25/01,Adult,2001
"Tecumseh, OK",2/24/01,Adult,2001
"Kaw City, OK",2/19/01,Adult,2001
"Lawton, OK",2/19/01,Adult,2001
"Ardmore, OK",2/19/01,Adult,2001
"Marietta, OK",2/17/01,Adult,2001
"Holdenville, OK",4/29/01,Subadult,2001
"Mead, OK",4/24/01,Subadult,2001
"Collinsville, OK",4/23/01,Subadult,2001
"Tulsa, OK",4/23/01,Subadult,2001
"Piedmont, OK",4/16/01,Subadult,2001
"Norman, OK",4/15/01,Subadult,2001
"Woodward, OK",4/14/01,Subadult,2001
"Newalla, OK",3/23/00,Adult,2000
"Stillwater, OK",3/23/00,Adult,2000
"Ramona, OK",3/21/00,Adult,2000
"Gore, OK",3/20/00,Adult,2000
"Broken Arrow, OK",3/14/00,Adult,2000
"Wagoner, OK",3/14/00,Adult,2000
"Mustang, OK",3/13/00,Adult,2000
"Sperry, OK",3/13/00,Adult,2000
"Adair, OK",3/13/00,Adult,2000
"Newkirk, OK",3/10/00,Adult,2000
"Perry, OK",3/9/00,Adult,2000
"Yukon, OK",3/9/00,Adult,2000
"Muskogee, OK",3/9/00,Adult,2000
"Claremore, OK",3/8/00,Adult,2000
"Okmulgee, OK",3/8/00,Adult,2000
"Piedmont, OK",3/8/00,Adult,2000
"Enid, OK",3/7/00,Adult,2000
"Calumet, OK",3/6/00,Adult,2000
"Mounds, OK",3/6/00,Adult,2000
"Allen, OK",3/5/00,Adult,2000
"Norman, OK",3/5/00,Adult,2000
"Chandler, OK",3/5/00,Adult,2000
"Ponca City, OK",3/5/00,Adult,2000
"Tulsa, OK",3/4/00,Adult,2000
"Welch, OK",3/4/00,Adult,2000
"Meeker, OK",3/4/00,Adult,2000
"Antlers, OK",3/3/00,Adult,2000
"Paden, OK",3/3/00,Adult,2000
"Vici, OK",3/3/00,Adult,2000
"Hartshorne, OK",3/2/00,Adult,2000
"Waukomis, OK",3/2/00,Adult,2000
"Edmond, OK",3/1/00,Adult,2000
"Shawnee, OK",3/1/00,Adult,2000
"Beggs, OK",3/1/00,Adult,2000
"Wilburton, OK",3/1/00,Adult,2000
"Owasso, OK",2/29/00,Adult,2000
"Purcell, OK",2/27/00,Adult,2000
"Madill, OK",2/26/00,Adult,2000
"Oklahoma City, OK",2/26/00,Adult,2000
"Sulphur, OK",2/25/00,Adult,2000
"Broken Arrow, OK",2/24/00,Adult,2000
"Ardmore, OK",2/21/00,Adult,2000
"Coleman, OK",2/21/00,Adult,2000
"Woodward, OK",2/20/00,Adult,2000
"Marlow, OK",2/17/00,Adult,2000
"Lawton, OK",2/17/00,Adult,2000
"Waukomis, OK",5/1/00,Subadult,2000
"Chandler, OK",4/25/00,Subadult,2000
"Medicine Park, OK",4/21/00,Subadult,2000
"Shawnee, OK",4/21/00,Subadult,2000
"Lawton, OK",4/20/00,Subadult,2000
"Piedmont, OK",4/19/00,Subadult,2000
"Oklahoma City, OK",4/17/00,Subadult,2000
"Tulsa, OK",4/16/00,Subadult,2000
"Adair, OK",4/9/00,Subadult,2000
"Sulphur, OK",4/5/00,Subadult,2000
"Newkirk, OK",4/1/00,Subadult,2000
"Davenport, OK",4/3/99,Adult,1999
"Jay, OK",3/26/99,Adult,1999
"Beggs, OK",3/25/99,Adult,1999
"Mustang, OK",3/21/99,Adult,1999
"Wapanucka, OK",3/20/99,Adult,1999
"Harrah, OK",3/19/99,Adult,1999
"Earlsboro, OK",3/18/99,Adult,1999
"Sallisaw, OK",3/16/99,Adult,1999
"Sperry, OK",3/16/99,Adult,1999
"Wynnewood, OK",3/15/99,Adult,1999
"Oklahoma City, OK",3/14/99,Adult,1999
"Bartlesville, OK",3/11/99,Adult,1999
"Durant, OK",3/11/99,Adult,1999
"Claremore, OK",3/10/99,Adult,1999
"Sulphur, OK",3/10/99,Adult,1999
"Muskogee, OK",3/10/99,Adult,1999
"Ada, OK",3/9/99,Adult,1999
"Tulsa, OK",3/9/99,Adult,1999
"Norman, OK",3/9/99,Adult,1999
"Ponca City, OK",3/8/99,Adult,1999
"Perry, OK",3/6/99,Adult,1999
"Piedmont, OK",3/6/99,Adult,1999
"Owasso, OK",3/6/99,Adult,1999
"Shawnee, OK",3/4/99,Adult,1999
"Edmond, OK",3/4/99,Adult,1999
"Waukomis, OK",3/4/99,Adult,1999
"Bixby, OK",3/1/99,Adult,1999
"Yukon, OK",2/28/99,Adult,1999
"Earlsboro, OK",2/28/99,Adult,1999
"Frederick, OK",2/26/99,Adult,1999
"Antlers, OK",2/26/99,Adult,1999
"Hartshorne, OK",2/25/99,Adult,1999
"Calumet, OK",2/25/99,Adult,1999
"Talala, OK",2/25/99,Adult,1999
"Newalla, OK",2/25/99,Adult,1999
"Welch, OK",2/24/99,Adult,1999
"Guthrie, OK",2/24/99,Adult,1999
"Lawton, OK",2/24/99,Adult,1999
"Woodward, OK",2/24/99,Adult,1999
"Ardmore, OK",2/22/99,Adult,1999
"Wilburton, OK",2/22/99,Adult,1999
"Meeker, OK",2/21/99,Adult,1999
"Broken Arrow, OK",2/21/99,Adult,1999
"Oklahoma City, OK",2/20/99,Adult,1999
"Marietta, OK",2/18/99,Adult,1999
"Catoosa, OK",2/14/99,Adult,1999
"Marietta, OK",2/14/99,Adult,1999
"Nowata, OK",2/9/99,Adult,1999
"Broken Arrow, OK",5/12/99,Subadult,1999
"Pawnee, OK",5/10/99,Subadult,1999
"Mustang, OK",5/5/99,Subadult,1999
"Beggs, OK",4/30/99,Subadult,1999
"Muskogee, OK",4/20/99,Subadult,1999
"Lawton, OK",4/7/99,Subadult,1999
"Tonkawa, OK",4/5/99,Subadult,1999
"Sperry, OK",4/4/99,Subadult,1999
"Marietta, OK",4/2/99,Subadult,1999
"Tulsa, OK",3/31/99,Subadult,1999
"Oklahoma City, OK",3/26/99,Subadult,1999
"Yukon, OK",3/20/99,Subadult,1999
"Newalla, OK",4/2/98,Adult,1998
"Atoka, OK",3/30/98,Adult,1998
"Choctaw, OK",3/22/98,Adult,1998
"Sperry, OK",3/20/98,Adult,1998
"Yukon, OK",3/19/98,Adult,1998
"Ponca City, OK",3/19/98,Adult,1998
"Bartlesville, OK",3/19/98,Adult,1998
"Cleveland, OK",3/18/98,Adult,1998
"Waukomis, OK",3/17/98,Adult,1998
"Jay, OK",3/15/98,Adult,1998
"Ada, OK",3/12/98,Adult,1998
"Tulsa, OK",3/11/98,Adult,1998
"Owasso, OK",3/10/98,Adult,1998
"Calumet, OK",3/9/98,Adult,1998
"Eufaula, OK",3/2/98,Adult,1998
"Elgin, OK",3/2/98,Adult,1998
"Catoosa, OK",3/1/98,Adult,1998
"Piedmont, OK",3/1/98,Adult,1998
"Muskogee, OK",2/28/98,Adult,1998
"Broken Arrow, OK",2/26/98,Adult,1998
"Atwood, OK",2/26/98,Adult,1998
"Woodward, OK",2/25/98,Adult,1998
"Marietta, OK",2/25/98,Adult,1998
"Alva, OK",2/24/98,Adult,1998
"Edmond, OK",2/24/98,Adult,1998
"Wagoner, OK",2/23/98,Adult,1998
"Calvin, OK",2/23/98,Adult,1998
"Durant, OK",2/23/98,Adult,1998
"Gore, OK",2/22/98,Adult,1998
"Wilburton, OK",2/22/98,Adult,1998
"Coleman, OK",2/21/98,Adult,1998
"Welch, OK",2/21/98,Adult,1998
"Ardmore, OK",2/21/98,Adult,1998
"Duncan, OK",2/20/98,Adult,1998
"Lawton, OK",2/18/98,Adult,1998
"Bristow, OK",2/9/98,Adult,1998